date,name,abbr,deaths,total cases,new cases
11/15/2020,Alaska,AK,660,20831.57143,3930
11/8/2020,Alaska,AK,588,17268.14286,3069
11/1/2020,Alaska,AK,532,14516.42857,2622
10/25/2020,Alaska,AK,474,12001.57143,2020
10/18/2020,Alaska,AK,449,10427,1309
10/11/2020,Alaska,AK,415,9113.571429,1265
10/4/2020,Alaska,AK,398,8040.428571,898
9/27/2020,Alaska,AK,339,7211.714286,689
9/20/2020,Alaska,AK,311,6572.428571,585
9/13/2020,Alaska,AK,299,6026.142857,499
9/6/2020,Alaska,AK,279,5502.857143,526
8/30/2020,Alaska,AK,253,5024.857143,492
8/23/2020,Alaska,AK,208,4533.285714,495
8/16/2020,Alaska,AK,189,3999.714286,545
8/9/2020,Alaska,AK,177,3505.428571,445
8/2/2020,Alaska,AK,159,2922.142857,740
7/26/2020,Alaska,AK,133,2211.857143,651
7/19/2020,Alaska,AK,121,1694.428571,404
7/12/2020,Alaska,AK,118,1291.428571,337
7/5/2020,Alaska,AK,103,1024.857143,254
6/28/2020,Alaska,AK,90,821.7142857,126
6/21/2020,Alaska,AK,84,714.7142857,96
6/14/2020,Alaska,AK,79,615.7142857,116
6/7/2020,Alaska,AK,70,515,86
5/31/2020,Alaska,AK,70,427.8571429,53
5/24/2020,Alaska,AK,70,405.1428571,12
5/17/2020,Alaska,AK,70,388.4285714,19
5/10/2020,Alaska,AK,68,374.4285714,11
5/3/2020,Alaska,AK,63,357.5714286,27
4/26/2020,Alaska,AK,63,334.4285714,22
4/19/2020,Alaska,AK,62,299.5714286,47
4/12/2020,Alaska,AK,49,234.2857143,87
4/5/2020,Alaska,AK,26,150.2857143,75
3/29/2020,Alaska,AK,7,66.71428571,85
3/22/2020,Alaska,AK,0,10.85714286,25
3/15/2020,Alaska,AK,0,0,0
11/15/2020,Alabama,AL,22343,211140,14135
11/8/2020,Alabama,AL,21207,199234.1429,9702
11/1/2020,Alabama,AL,20455,189340,9630
10/25/2020,Alabama,AL,19833,178307.4286,11729
10/18/2020,Alabama,AL,19154,169295.7143,7284
10/11/2020,Alabama,AL,18358,162416.5714,6173
10/4/2020,Alabama,AL,17772,155889.8571,6848
9/27/2020,Alabama,AL,17383,148899,7359
9/20/2020,Alabama,AL,16837,142064.5714,6207
9/13/2020,Alabama,AL,16173,135666.4286,6441
9/6/2020,Alabama,AL,15649,129386.8571,7079
8/30/2020,Alabama,AL,14603,120791.1429,10175
8/23/2020,Alabama,AL,13793,112236.2857,6627
8/16/2020,Alabama,AL,13103,105648,7099
8/9/2020,Alabama,AL,11946,96518.71429,9890
8/2/2020,Alabama,AL,10895,85934.42857,12150
7/26/2020,Alabama,AL,9722,74100.42857,12283
7/19/2020,Alabama,AL,8567,61184.42857,13424
7/12/2020,Alabama,AL,7505,48977.28571,9634
7/5/2020,Alabama,AL,6856,40424.71429,8512
6/28/2020,Alabama,AL,6237,33075.42857,5420
6/21/2020,Alabama,AL,5658,28182,4406
6/14/2020,Alabama,AL,5261,23015.28571,5115
6/7/2020,Alabama,AL,4660,19265.42857,2597
5/31/2020,Alabama,AL,4162,16337.71429,3576
5/24/2020,Alabama,AL,3673,13164.71429,2556
5/17/2020,Alabama,AL,3195,10916.28571,1994
5/10/2020,Alabama,AL,2454,8907.714286,2052
5/3/2020,Alabama,AL,1835,7052,1455
4/26/2020,Alabama,AL,1360,5676.857143,1433
4/19/2020,Alabama,AL,907,4298.571429,1312
4/12/2020,Alabama,AL,510,2701.285714,1729
4/5/2020,Alabama,AL,200,1279.714286,990
3/29/2020,Alabama,AL,11,465.7142857,668
3/22/2020,Alabama,AL,0,74.42857143,126
3/15/2020,Alabama,AL,0,2.714285714,12
11/15/2020,Arkansas,AR,14969,127846.4286,11174
11/8/2020,Arkansas,AR,14260,117608,9676
11/1/2020,Arkansas,AR,13209,109716,6075
10/25/2020,Arkansas,AR,12356,102857.1429,7049
10/18/2020,Arkansas,AR,11529,96350.14286,6233
10/11/2020,Arkansas,AR,10503,89960.57143,5820
10/4/2020,Arkansas,AR,9655,84662.71429,5771
9/27/2020,Arkansas,AR,8740,78900,5519
9/20/2020,Arkansas,AR,7852,73197,5504
9/13/2020,Arkansas,AR,6596,68143.85714,4993
9/6/2020,Arkansas,AR,5962,63352.42857,4370
8/30/2020,Arkansas,AR,5190,58836.14286,4282
8/23/2020,Arkansas,AR,4518,54852.85714,3909
8/16/2020,Arkansas,AR,4055,51481.14286,3282
8/9/2020,Arkansas,AR,3574,46965.71429,6210
8/2/2020,Arkansas,AR,3083,41601.71429,4550
7/26/2020,Arkansas,AR,2686,36172.57143,6090
7/19/2020,Arkansas,AR,2393,30877.14286,4166
7/12/2020,Arkansas,AR,2141,25900.28571,5158
7/5/2020,Arkansas,AR,1944,21906.57143,3899
6/28/2020,Arkansas,AR,1692,17758.57143,4168
6/21/2020,Arkansas,AR,1431,14079.57143,2641
6/14/2020,Arkansas,AR,1183,10942.71429,3075
6/7/2020,Arkansas,AR,1010,8314,2173
5/31/2020,Arkansas,AR,867,6546.857143,1331
5/24/2020,Arkansas,AR,761,5334.714286,1163
5/17/2020,Arkansas,AR,675,4342.571429,1012
5/10/2020,Arkansas,AR,600,3617.285714,316
5/3/2020,Arkansas,AR,435,3242.714286,490
4/26/2020,Arkansas,AR,313,2486,1160
4/19/2020,Arkansas,AR,245,1613.428571,501
4/12/2020,Arkansas,AR,145,1088.142857,450
4/5/2020,Arkansas,AR,79,642.8571429,404
3/29/2020,Arkansas,AR,19,316.8571429,261
3/22/2020,Arkansas,AR,0,71.71428571,149
3/15/2020,Arkansas,AR,0,6.142857143,16
11/15/2020,Arizona,AZ,43683,267517.5714,16172
11/8/2020,Arizona,AZ,42568,253252.8571,11791
11/1/2020,Arizona,AZ,41483,242885,9310
10/25/2020,Arizona,AZ,40988,234924.1429,7014
10/18/2020,Arizona,AZ,40544,228601.2857,5574
10/11/2020,Arizona,AZ,40160,223368.5714,4821
10/4/2020,Arizona,AZ,39683,219189.8571,3517
9/27/2020,Arizona,AZ,38892,215809,3219
9/20/2020,Arizona,AZ,37840,211430.2857,5506
9/13/2020,Arizona,AZ,36889,207102.1429,2746
9/6/2020,Arizona,AZ,35867,203850.5714,4105
8/30/2020,Arizona,AZ,34403,200127.2857,3558
8/23/2020,Arizona,AZ,32568,196237,4566
8/16/2020,Arizona,AZ,30504,190629.8571,6614
8/9/2020,Arizona,AZ,27926,183419.2857,8456
8/2/2020,Arizona,AZ,24998,171187.2857,16453
7/26/2020,Arizona,AZ,21472,153682.1429,18390
7/19/2020,Arizona,AZ,17582,134471.4286,21157
7/12/2020,Arizona,AZ,14208,112444.1429,24378
7/5/2020,Arizona,AZ,12099,87109.28571,24181
6/28/2020,Arizona,AZ,10381,63753.71429,21518
6/21/2020,Arizona,AZ,8912,44149.42857,16699
6/14/2020,Arizona,AZ,7852,31451,8802
6/7/2020,Arizona,AZ,6933,23290.14286,6953
5/31/2020,Arizona,AZ,5995,18003.57143,3597
5/24/2020,Arizona,AZ,5274,15276.28571,2402
5/17/2020,Arizona,AZ,4332,12671.85714,2818
5/10/2020,Arizona,AZ,3218,10068.71429,2479
5/3/2020,Arizona,AZ,2232,7640,2114
4/26/2020,Arizona,AZ,1680,5770.571429,1597
4/19/2020,Arizona,AZ,1075,4265.571429,1390
4/12/2020,Arizona,AZ,627,2974.142857,1270
4/5/2020,Arizona,AZ,262,1644.857143,1350
3/29/2020,Arizona,AZ,66,596.7142857,767
3/22/2020,Arizona,AZ,3,61.57142857,140
3/15/2020,Arizona,AZ,0,8.857142857,7
11/15/2020,California,CA,126764,993083.4286,54706
11/8/2020,California,CA,124693,946082.2857,38105
11/1/2020,California,CA,122637,913183.1429,28505
10/25/2020,California,CA,120096,883011.4286,30712
10/18/2020,California,CA,117221,858450.7143,20738
10/11/2020,California,CA,114407,835604.4286,22850
10/4/2020,California,CA,111108,813920.2857,21421
9/27/2020,California,CA,107124,791244.7143,23908
9/20/2020,California,CA,102883,767045.8571,23477
9/13/2020,California,CA,97972,743850,22779
9/6/2020,California,CA,93283,717539.5714,32235
8/30/2020,California,CA,87795,683849.1429,36240
8/23/2020,California,CA,81736,645025.2857,42107
8/16/2020,California,CA,75650,593120.7143,67402
8/9/2020,California,CA,68954,532484.7143,44998
8/2/2020,California,CA,62172,484398.1429,55503
7/26/2020,California,CA,56285,423698.8571,68967
7/19/2020,California,CA,51454,356528.7143,63888
7/12/2020,California,CA,46871,296124.2857,54819
7/5/2020,California,CA,43076,242611.1429,54742
6/28/2020,California,CA,40049,195008.1429,37419
6/21/2020,California,CA,36987,161667.8571,24969
6/14/2020,California,CA,34002,139537.2857,20043
6/7/2020,California,CA,30990,120505.5714,18229
5/31/2020,California,CA,27903,101902.1429,17873
5/24/2020,California,CA,24726,86323.42857,13871
5/17/2020,California,CA,21156,73170.57143,12159
5/10/2020,California,CA,17495,60618.71429,13064
5/3/2020,California,CA,13892,48595.28571,11452
4/26/2020,California,CA,10222,37079.85714,11831
4/19/2020,California,CA,6379,26159.42857,8539
4/12/2020,California,CA,3452,18192.57143,8356
4/5/2020,California,CA,1492,9634.285714,7730
3/29/2020,California,CA,487,3346.571429,4172
3/22/2020,California,CA,119,890.1428571,1243
3/15/2020,California,CA,18,193.2857143,205
11/15/2020,Colorado,CO,15451,143888.7143,31267
11/8/2020,Colorado,CO,15006,118263.5714,20617
11/1/2020,Colorado,CO,14639,100731.4286,13950
10/25/2020,Colorado,CO,14441,89043,9031
10/18/2020,Colorado,CO,14143,81125.28571,6727
10/11/2020,Colorado,CO,13902,75110.28571,5087
10/4/2020,Colorado,CO,13695,70685.85714,4045
9/27/2020,Colorado,CO,13494,66661.57143,4154
9/20/2020,Colorado,CO,13330,62722.71429,3449
9/13/2020,Colorado,CO,13149,59991.28571,1918
9/6/2020,Colorado,CO,12991,58053.14286,1948
8/30/2020,Colorado,CO,12821,56062,2158
8/23/2020,Colorado,CO,12579,53968.14286,2045
8/16/2020,Colorado,CO,12288,51784.42857,2514
8/9/2020,Colorado,CO,12029,48959.85714,3057
8/2/2020,Colorado,CO,11769,45755.85714,3478
7/26/2020,Colorado,CO,11483,41792.57143,4001
7/19/2020,Colorado,CO,11215,38264.85714,3197
7/12/2020,Colorado,CO,10902,35201.28571,2725
7/5/2020,Colorado,CO,10593,33057,1844
6/28/2020,Colorado,CO,10218,31227,1673
6/21/2020,Colorado,CO,9771,29711.57143,1332
6/14/2020,Colorado,CO,9241,28502.28571,1169
6/7/2020,Colorado,CO,8651,27089.42857,1750
5/31/2020,Colorado,CO,7955,24943.85714,2134
5/24/2020,Colorado,CO,7006,22865.85714,2331
5/17/2020,Colorado,CO,6886,20559.57143,2258
5/10/2020,Colorado,CO,6405,17901.28571,3150
5/3/2020,Colorado,CO,5341,14810.14286,3257
4/26/2020,Colorado,CO,3763,11092.28571,3535
4/19/2020,Colorado,CO,2474,8393,2540
4/12/2020,Colorado,CO,1436,5874.142857,2328
4/5/2020,Colorado,CO,585,3432.571429,2504
3/29/2020,Colorado,CO,142,1219.142857,1586
3/22/2020,Colorado,CO,18,257.8571429,344
3/15/2020,Colorado,CO,2,56.85714286,123
11/15/2020,Connecticut,CT,33058,85860.71429,10520
11/8/2020,Connecticut,CT,32568,76360.57143,6918
11/1/2020,Connecticut,CT,32245,69990,5155
10/25/2020,Connecticut,CT,31980,65268,3222
10/18/2020,Connecticut,CT,31768,62207.57143,2792
10/11/2020,Connecticut,CT,31677,59655.28571,1741
10/4/2020,Connecticut,CT,31566,57808.42857,1710
9/27/2020,Connecticut,CT,31490,56390.28571,1060
9/20/2020,Connecticut,CT,31421,55294.14286,1201
9/13/2020,Connecticut,CT,31334,54012.71429,961
9/6/2020,Connecticut,CT,31270,53185.28571,870
8/30/2020,Connecticut,CT,31246,52300.85714,976
8/23/2020,Connecticut,CT,31207,51403.57143,622
8/16/2020,Connecticut,CT,31147,50775.71429,577
8/9/2020,Connecticut,CT,31071,50228.85714,510
8/2/2020,Connecticut,CT,30993,49528.57143,1034
7/26/2020,Connecticut,CT,30867,48419.14286,883
7/19/2020,Connecticut,CT,30700,47729.28571,606
7/12/2020,Connecticut,CT,30411,47169.57143,570
7/5/2020,Connecticut,CT,30297,46606.42857,414
6/28/2020,Connecticut,CT,30059,46022.28571,548
6/21/2020,Connecticut,CT,29608,45497.14286,667
6/14/2020,Connecticut,CT,28993,44550,1120
6/7/2020,Connecticut,CT,28096,43328.28571,1767
5/31/2020,Connecticut,CT,26864,41572.57143,1733
5/24/2020,Connecticut,CT,25037,39271.57143,3049
5/17/2020,Connecticut,CT,22425,35517.71429,3865
5/10/2020,Connecticut,CT,19416,31662.28571,4267
5/3/2020,Connecticut,CT,15626,27551.85714,4018
4/26/2020,Connecticut,CT,11487,22788,7719
4/19/2020,Connecticut,CT,6270,15596.71429,5515
4/12/2020,Connecticut,CT,2636,9476.428571,6360
4/5/2020,Connecticut,CT,787,4135,3682
3/29/2020,Connecticut,CT,156,1104,1770
3/22/2020,Connecticut,CT,13,120.2857143,203
3/15/2020,Connecticut,CT,0,7,19
11/15/2020,District of Columbia,DC,4601,18514.71429,976
11/8/2020,District of Columbia,DC,4551,17704.14286,632
11/1/2020,District of Columbia,DC,4513,17077.71429,602
10/25/2020,District of Columbia,DC,4493,16565.28571,397
10/18/2020,District of Columbia,DC,4473,16192.42857,386
10/11/2020,District of Columbia,DC,4435,15772.28571,465
10/4/2020,District of Columbia,DC,4394,15380.42857,269
9/27/2020,District of Columbia,DC,4355,15111.85714,295
9/20/2020,District of Columbia,DC,4326,14793,363
9/13/2020,District of Columbia,DC,4301,14444.71429,313
9/6/2020,District of Columbia,DC,4264,14136.57143,320
8/30/2020,District of Columbia,DC,4234,13796.28571,369
8/23/2020,District of Columbia,DC,4207,13422,370
8/16/2020,District of Columbia,DC,4159,13026.14286,467
8/9/2020,District of Columbia,DC,4117,12523.85714,479
8/2/2020,District of Columbia,DC,4089,12066.28571,494
7/26/2020,District of Columbia,DC,4063,11573.14286,519
7/19/2020,District of Columbia,DC,4014,11074.85714,414
7/12/2020,District of Columbia,DC,3958,10685.14286,365
7/5/2020,District of Columbia,DC,3880,10391.14286,234
6/28/2020,District of Columbia,DC,3800,10155.42857,228
6/21/2020,District of Columbia,DC,3679,9903.285714,253
6/14/2020,District of Columbia,DC,3519,9588.428571,435
6/7/2020,District of Columbia,DC,3333,9097,531
5/31/2020,District of Columbia,DC,3166,8501.857143,835
5/24/2020,District of Columbia,DC,2883,7695.428571,843
5/17/2020,District of Columbia,DC,2498,6747.142857,851
5/10/2020,District of Columbia,DC,2022,5697.142857,1256
5/3/2020,District of Columbia,DC,1526,4398,1175
4/26/2020,District of Columbia,DC,979,3380,1048
4/19/2020,District of Columbia,DC,546,2356.428571,918
4/12/2020,District of Columbia,DC,240,1512,877
4/5/2020,District of Columbia,DC,99,684.5714286,656
3/29/2020,District of Columbia,DC,21,225.7142857,244
3/22/2020,District of Columbia,DC,3,50.71428571,82
3/15/2020,District of Columbia,DC,0,8.142857143,15
11/15/2020,Delaware,DE,5103,27731.71429,2200
11/8/2020,Delaware,DE,5000,25845.71429,1477
11/1/2020,Delaware,DE,4870,24598.57143,1165
10/25/2020,Delaware,DE,4713,23559.85714,868
10/18/2020,Delaware,DE,4627,22638.14286,963
10/11/2020,Delaware,DE,4549,21716.57143,887
10/4/2020,Delaware,DE,4473,20803.57143,983
9/27/2020,Delaware,DE,4411,19958,694
9/20/2020,Delaware,DE,4335,19286.71429,717
9/13/2020,Delaware,DE,4281,18481.71429,806
9/6/2020,Delaware,DE,4245,17693.28571,700
8/30/2020,Delaware,DE,4227,17091.57143,448
8/23/2020,Delaware,DE,4176,16711.85714,444
8/16/2020,Delaware,DE,4145,16026.57143,876
8/9/2020,Delaware,DE,4115,15339.28571,626
8/2/2020,Delaware,DE,4076,14683.85714,659
7/26/2020,Delaware,DE,3840,13949.71429,771
7/19/2020,Delaware,DE,3644,13185.28571,715
7/12/2020,Delaware,DE,3609,12557,676
7/5/2020,Delaware,DE,3571,11734,902
6/28/2020,Delaware,DE,3541,10981.42857,451
6/21/2020,Delaware,DE,3513,10536.14286,511
6/14/2020,Delaware,DE,3454,10117.14286,322
6/7/2020,Delaware,DE,3358,9758.285714,444
5/31/2020,Delaware,DE,3189,9207.714286,689
5/24/2020,Delaware,DE,2914,8359.142857,1139
5/17/2020,Delaware,DE,2519,7153,1223
5/10/2020,Delaware,DE,1985,5887.285714,1239
5/3/2020,Delaware,DE,1490,4755.714286,1174
4/26/2020,Delaware,DE,921,3319.428571,1496
4/19/2020,Delaware,DE,502,2094.142857,1059
4/12/2020,Delaware,DE,245,1145.714286,806
4/5/2020,Delaware,DE,105,437.1428571,441
3/29/2020,Delaware,DE,30,144.7142857,176
3/22/2020,Delaware,DE,0,31.14285714,50
3/15/2020,Delaware,DE,0,3,6
11/15/2020,Florida,FL,123045,852793.2857,40285
11/8/2020,Florida,FL,120311,816269.1429,35723
11/1/2020,Florida,FL,117883,784466.8571,28149
10/25/2020,Florida,FL,115104,757993.5714,23161
10/18/2020,Florida,FL,111357,736024.1429,20077
10/11/2020,Florida,FL,106465,716711.7143,17664
10/4/2020,Florida,FL,102005,700673.4286,15517
9/27/2020,Florida,FL,97277,684947.4286,16543
9/20/2020,Florida,FL,92389,666779.8571,19206
9/13/2020,Florida,FL,87019,648192.7143,17319
9/6/2020,Florida,FL,82170,629423.2857,24413
8/30/2020,Florida,FL,76745,605596.4286,20466
8/23/2020,Florida,FL,70997,582389.4286,26912
8/16/2020,Florida,FL,63381,549295.2857,42269
8/9/2020,Florida,FL,55031,504015,45191
8/2/2020,Florida,FL,46771,453810.8571,62555
7/26/2020,Florida,FL,39227,385373.1429,73055
7/19/2020,Florida,FL,33308,309974.2857,78873
7/12/2020,Florida,FL,28775,230985.2857,69046
7/5/2020,Florida,FL,25938,167739.5714,57887
6/28/2020,Florida,FL,23870,115247.1429,43713
6/21/2020,Florida,FL,22067,83844.42857,21504
6/14/2020,Florida,FL,20481,67515.85714,11341
6/7/2020,Florida,FL,18801,58303.42857,7431
5/31/2020,Florida,FL,17074,52058.71429,5415
5/24/2020,Florida,FL,15493,46956.85714,4934
5/17/2020,Florida,FL,13580,41741,4982
5/10/2020,Florida,FL,11545,37336.42857,4338
5/3/2020,Florida,FL,8890,32813.71429,4436
4/26/2020,Florida,FL,6751,27854.85714,5758
4/19/2020,Florida,FL,4509,21867.85714,6243
4/12/2020,Florida,FL,2488,15223.28571,7159
4/5/2020,Florida,FL,927,7799.142857,7361
3/29/2020,Florida,FL,226,2184.285714,3153
3/22/2020,Florida,FL,60,348.1428571,640
3/15/2020,Florida,FL,13,35.71428571,79
11/15/2020,Georgia,GA,61912,380367.1429,13871
11/8/2020,Georgia,GA,59481,368191.2857,11096
11/1/2020,Georgia,GA,55385,356874.7143,11059
10/25/2020,Georgia,GA,54147,345902.8571,10365
10/18/2020,Georgia,GA,52646,336321.2857,9149
10/11/2020,Georgia,GA,51131,327517.5714,8484
10/4/2020,Georgia,GA,49441,319226.2857,8240
9/27/2020,Georgia,GA,47610,311050.8571,8530
9/20/2020,Georgia,GA,45382,300863.1429,11841
9/13/2020,Georgia,GA,43312,289081,11115
9/6/2020,Georgia,GA,40973,277024.2857,14226
8/30/2020,Georgia,GA,37773,262910.5714,15024
8/23/2020,Georgia,GA,34496,246723.1429,16919
8/16/2020,Georgia,GA,31518,228646.7143,20434
8/9/2020,Georgia,GA,28275,205574,23419
8/2/2020,Georgia,GA,25802,182292.1429,25224
7/26/2020,Georgia,GA,23560,156856.4286,24830
7/19/2020,Georgia,GA,21748,131688.4286,26197
7/12/2020,Georgia,GA,20591,107241.2857,21410
7/5/2020,Georgia,GA,19838,87426,18306
6/28/2020,Georgia,GA,19103,71324.57143,12509
6/21/2020,Georgia,GA,18124,61279,7020
6/14/2020,Georgia,GA,16512,54994.85714,5783
6/7/2020,Georgia,GA,14974,49770.57143,4912
5/31/2020,Georgia,GA,13589,45072.42857,4148
5/24/2020,Georgia,GA,12167,40434.57143,5137
5/17/2020,Georgia,GA,10689,35897.28571,4260
5/10/2020,Georgia,GA,9339,31327.57143,4839
5/3/2020,Georgia,GA,7715,26354.85714,5201
4/26/2020,Georgia,GA,5948,21331.85714,5100
4/19/2020,Georgia,GA,4114,15908.28571,5849
4/12/2020,Georgia,GA,2576,10384.71429,5805
4/5/2020,Georgia,GA,1096,5051.714286,3996
3/29/2020,Georgia,GA,358,1655.428571,2051
3/22/2020,Georgia,GA,63,325.4285714,501
3/15/2020,Georgia,GA,3,41.28571429,92
11/15/2020,Hawaii,HI,1552,16446.14286,708
11/8/2020,Hawaii,HI,1534,15683.85714,767
11/1/2020,Hawaii,HI,1502,15060.57143,526
10/25/2020,Hawaii,HI,1393,14460,615
10/18/2020,Hawaii,HI,1249,13882.71429,574
10/11/2020,Hawaii,HI,1134,13255.42857,648
10/4/2020,Hawaii,HI,966,12591.14286,724
9/27/2020,Hawaii,HI,864,11844.85714,712
9/20/2020,Hawaii,HI,748,11129.28571,763
9/13/2020,Hawaii,HI,637,10280.28571,1029
9/6/2020,Hawaii,HI,526,8974.714286,1554
8/30/2020,Hawaii,HI,372,7337.571429,1783
8/23/2020,Hawaii,HI,305,5711.714286,1531
8/16/2020,Hawaii,HI,263,4155.142857,1479
8/9/2020,Hawaii,HI,197,2774.142857,1149
8/2/2020,Hawaii,HI,182,1901.857143,577
7/26/2020,Hawaii,HI,175,1469.428571,266
7/19/2020,Hawaii,HI,154,1288.285714,154
7/12/2020,Hawaii,HI,133,1100.857143,201
7/5/2020,Hawaii,HI,128,937.4285714,127
6/28/2020,Hawaii,HI,120,838.8571429,69
6/21/2020,Hawaii,HI,119,757.4285714,80
6/14/2020,Hawaii,HI,119,691.2857143,50
6/7/2020,Hawaii,HI,119,657.4285714,22
5/31/2020,Hawaii,HI,119,645.7142857,8
5/24/2020,Hawaii,HI,119,642.2857143,4
5/17/2020,Hawaii,HI,119,636.1428571,8
5/10/2020,Hawaii,HI,119,625.8571429,11
5/3/2020,Hawaii,HI,110,613.1428571,17
4/26/2020,Hawaii,HI,83,591.7142857,29
4/19/2020,Hawaii,HI,63,531.1428571,88
4/12/2020,Hawaii,HI,41,428,135
4/5/2020,Hawaii,HI,11,257.1428571,200
3/29/2020,Hawaii,HI,0,99.28571429,103
3/22/2020,Hawaii,HI,0,22.57142857,46
3/15/2020,Hawaii,HI,0,2,1
11/15/2020,Iowa,IA,13457,155825.5714,26741
11/8/2020,Iowa,IA,12582,130941,18574
11/1/2020,Iowa,IA,11823,115513.7143,12310
10/25/2020,Iowa,IA,11163,105769.7143,7697
10/18/2020,Iowa,IA,10538,98751,6614
10/11/2020,Iowa,IA,9977,92175.28571,6250
10/4/2020,Iowa,IA,9483,86547.57143,5460
9/27/2020,Iowa,IA,9088,80977.85714,5957
9/20/2020,Iowa,IA,8735,75172.71429,5189
9/13/2020,Iowa,IA,8395,70437.14286,4199
9/6/2020,Iowa,IA,7967,65708.85714,5571
8/30/2020,Iowa,IA,7562,59626.85714,6445
8/23/2020,Iowa,IA,7078,54284.57143,3847
8/16/2020,Iowa,IA,6697,50527.85714,3639
8/9/2020,Iowa,IA,6345,47262.85714,3297
8/2/2020,Iowa,IA,5990,43956.57143,3292
7/26/2020,Iowa,IA,5701,40601.28571,3477
7/19/2020,Iowa,IA,5416,37021.85714,3652
7/12/2020,Iowa,IA,5163,33305.28571,3718
7/5/2020,Iowa,IA,5020,30038.85714,2864
6/28/2020,Iowa,IA,4874,27216.14286,2526
6/21/2020,Iowa,IA,4723,24897.28571,2037
6/14/2020,Iowa,IA,4450,22956,2259
6/7/2020,Iowa,IA,4060,20695.71429,2115
5/31/2020,Iowa,IA,3519,18562.14286,2300
5/24/2020,Iowa,IA,2844,16105.28571,2601
5/17/2020,Iowa,IA,2217,13611,2692
5/10/2020,Iowa,IA,1605,10909.14286,2790
5/3/2020,Iowa,IA,1102,7418,3693
4/26/2020,Iowa,IA,685,4212.142857,2574
4/19/2020,Iowa,IA,418,2213.142857,1315
4/12/2020,Iowa,IA,213,1270.571429,719
4/5/2020,Iowa,IA,80,633.8571429,532
3/29/2020,Iowa,IA,12,203.1428571,246
3/22/2020,Iowa,IA,0,45,72
3/15/2020,Iowa,IA,0,12.71428571,18
11/15/2020,Idaho,ID,5091,77018.71429,9005
11/8/2020,Idaho,ID,4606,68438.71429,7704
11/1/2020,Idaho,ID,4207,61893.85714,5914
10/25/2020,Idaho,ID,3827,55737.42857,6112
10/18/2020,Idaho,ID,3614,50109.14286,4881
10/11/2020,Idaho,ID,3477,45776.57143,3999
10/4/2020,Idaho,ID,3279,42058.14286,3406
9/27/2020,Idaho,ID,3170,38824.14286,3049
9/20/2020,Idaho,ID,2999,36201.28571,2080
9/13/2020,Idaho,ID,2799,34347.57143,1690
9/6/2020,Idaho,ID,2598,32655.28571,1800
8/30/2020,Idaho,ID,2338,30765.85714,2015
8/23/2020,Idaho,ID,2023,28682.14286,2185
8/16/2020,Idaho,ID,1753,26111.42857,2982
8/9/2020,Idaho,ID,1511,22825.14286,3381
8/2/2020,Idaho,ID,1194,19693.28571,3287
7/26/2020,Idaho,ID,930,16301.42857,3525
7/19/2020,Idaho,ID,768,12522,3797
7/12/2020,Idaho,ID,682,9022,3135
7/5/2020,Idaho,ID,644,6359.285714,2051
6/28/2020,Idaho,ID,628,4662.714286,1313
6/21/2020,Idaho,ID,618,3664.714286,607
6/14/2020,Idaho,ID,596,3266,260
6/7/2020,Idaho,ID,580,2996,300
5/31/2020,Idaho,ID,567,2727.571429,213
5/24/2020,Idaho,ID,536,2515.857143,207
5/17/2020,Idaho,ID,493,2323.714286,189
5/10/2020,Idaho,ID,460,2152.142857,169
5/3/2020,Idaho,ID,423,1980.142857,174
4/26/2020,Idaho,ID,362,1795.571429,219
4/19/2020,Idaho,ID,268,1551.714286,261
4/12/2020,Idaho,ID,132,1267,330
4/5/2020,Idaho,ID,60,700,816
3/29/2020,Idaho,ID,12,139,219
3/22/2020,Idaho,ID,0,18.28571429,37
3/15/2020,Idaho,ID,0,1,5
11/15/2020,Illinois,IL,75993,536954.7143,85629
11/8/2020,Illinois,IL,72206,456444,64448
11/1/2020,Illinois,IL,69583,402019,44570
10/25/2020,Illinois,IL,67499,364340.2857,31334
10/18/2020,Illinois,IL,65559,335542.5714,25447
10/11/2020,Illinois,IL,64067,313701,17908
10/4/2020,Illinois,IL,62650,298114.5714,13861
9/27/2020,Illinois,IL,61417,283983.7143,13963
9/20/2020,Illinois,IL,60338,270532.4286,12990
9/13/2020,Illinois,IL,59270,257958.8571,11958
9/6/2020,Illinois,IL,58269,243700.5714,16451
8/30/2020,Illinois,IL,57223,229028,13462
8/23/2020,Illinois,IL,56259,215289.8571,14182
8/16/2020,Illinois,IL,55322,201979.1429,12033
8/9/2020,Illinois,IL,54533,189879.7143,12156
8/2/2020,Illinois,IL,53676,178353.2857,10558
7/26/2020,Illinois,IL,52867,168123.8571,9916
7/19/2020,Illinois,IL,52128,159217.1429,7702
7/12/2020,Illinois,IL,51249,151818.2857,6675
7/5/2020,Illinois,IL,50236,145961.7143,5597
6/28/2020,Illinois,IL,48985,140467.5714,5014
6/21/2020,Illinois,IL,46868,135771.1429,4358
6/14/2020,Illinois,IL,44334,131308.2857,5647
6/7/2020,Illinois,IL,39857,124747.5714,7497
5/31/2020,Illinois,IL,36066,115997.5714,9956
5/24/2020,Illinois,IL,32106,103023.2857,16113
5/17/2020,Illinois,IL,27144,87382.85714,16450
5/10/2020,Illinois,IL,21581,70927.57143,16242
5/3/2020,Illinois,IL,16312,53331,17596
4/26/2020,Illinois,IL,11672,37421,13546
4/19/2020,Illinois,IL,7365,26098.57143,9505
4/12/2020,Illinois,IL,3670,16461.42857,9596
4/5/2020,Illinois,IL,1197,8034.714286,6660
3/29/2020,Illinois,IL,219,2617.714286,3547
3/22/2020,Illinois,IL,26,478.4285714,985
3/15/2020,Illinois,IL,0,30.28571429,58
11/15/2020,Indiana,IN,33631,231747.8571,41223
11/8/2020,Indiana,IN,31572,196872.8571,28266
11/1/2020,Indiana,IN,29806,172906.5714,19501
10/25/2020,Indiana,IN,28396,155463.7143,15025
10/18/2020,Indiana,IN,27059,141742,12601
10/11/2020,Indiana,IN,26193,130101.5714,9835
10/4/2020,Indiana,IN,25479,121489.7143,7696
9/27/2020,Indiana,IN,24833,114518.8571,5945
9/20/2020,Indiana,IN,24353,108881.5714,5701
9/13/2020,Indiana,IN,23850,102681.7143,6000
9/6/2020,Indiana,IN,23341,96905.71429,6491
8/30/2020,Indiana,IN,22844,90419.42857,7381
8/23/2020,Indiana,IN,22317,83433.14286,5517
8/16/2020,Indiana,IN,21678,77666.28571,6087
8/9/2020,Indiana,IN,21096,71221,6471
8/2/2020,Indiana,IN,20619,65324.28571,5485
7/26/2020,Indiana,IN,20096,59698.14286,5801
7/19/2020,Indiana,IN,19562,54172.85714,4959
7/12/2020,Indiana,IN,19150,49798,3604
7/5/2020,Indiana,IN,18637,46502.28571,3078
6/28/2020,Indiana,IN,18116,43706.28571,2507
6/21/2020,Indiana,IN,17438,41413.85714,2514
6/14/2020,Indiana,IN,16621,38762.71429,2512
6/7/2020,Indiana,IN,15630,36121,2823
5/31/2020,Indiana,IN,14447,33091.57143,3198
5/24/2020,Indiana,IN,13226,29836.57143,3598
5/17/2020,Indiana,IN,11566,26141.85714,3652
5/10/2020,Indiana,IN,9826,22416.71429,4193
5/3/2020,Indiana,IN,7574,17917.71429,4921
4/26/2020,Indiana,IN,4905,13192.42857,3802
4/19/2020,Indiana,IN,3277,9609.285714,3282
4/12/2020,Indiana,IN,1733,6430.714286,3517
4/5/2020,Indiana,IN,572,3050,2897
3/29/2020,Indiana,IN,137,781.8571429,1313
3/22/2020,Indiana,IN,19,79.28571429,182
3/15/2020,Indiana,IN,0,10.85714286,17
11/15/2020,Kansas,KS,8560,110296.7143,17874
11/8/2020,Kansas,KS,7764,93683.28571,12452
11/1/2020,Kansas,KS,7053,82426.42857,8951
10/25/2020,Kansas,KS,6573,74791.14286,5375
10/18/2020,Kansas,KS,5795,69514.14286,5048
10/11/2020,Kansas,KS,5147,64391.57143,4696
10/4/2020,Kansas,KS,4724,60012.71429,4519
9/27/2020,Kansas,KS,4338,55449.42857,4307
9/20/2020,Kansas,KS,4028,51199,3899
9/13/2020,Kansas,KS,3493,47686.57143,3166
9/6/2020,Kansas,KS,3251,44109.14286,4172
8/30/2020,Kansas,KS,3055,39974.28571,4192
8/23/2020,Kansas,KS,2889,36097.42857,2971
8/16/2020,Kansas,KS,2770,32887,3247
8/9/2020,Kansas,KS,2606,29871.42857,2826
8/2/2020,Kansas,KS,2442,27074.28571,2703
7/26/2020,Kansas,KS,2208,24314.71429,3144
7/19/2020,Kansas,KS,2071,21125.28571,3354
7/12/2020,Kansas,KS,1976,17838.71429,2692
7/5/2020,Kansas,KS,1915,15231.85714,2381
6/28/2020,Kansas,KS,1832,13069.14286,1479
6/21/2020,Kansas,KS,1746,11768.14286,1012
6/14/2020,Kansas,KS,1681,10866.42857,654
6/7/2020,Kansas,KS,1574,10220.14286,674
5/31/2020,Kansas,KS,1410,9466.714286,761
5/24/2020,Kansas,KS,1257,8661.714286,1072
5/17/2020,Kansas,KS,1160,7546.571429,938
5/10/2020,Kansas,KS,1030,6111.571429,1918
5/3/2020,Kansas,KS,893,4145.714286,1856
4/26/2020,Kansas,KS,775,2530.142857,1325
4/19/2020,Kansas,KS,549,1604,512
4/12/2020,Kansas,KS,293,1095.428571,590
4/5/2020,Kansas,KS,100,556.4285714,428
3/29/2020,Kansas,KS,25,179.4285714,255
3/22/2020,Kansas,KS,9,34.14285714,56
3/15/2020,Kansas,KS,2,3.857142857,7
11/15/2020,Kentucky,KY,11358,130114.8571,16748
11/8/2020,Kentucky,KY,10713,115334.1429,12196
11/1/2020,Kentucky,KY,10191,103343.5714,11700
10/25/2020,Kentucky,KY,9618,92465.14286,9335
10/18/2020,Kentucky,KY,9025,84248.42857,7315
10/11/2020,Kentucky,KY,8632,77083.85714,7675
10/4/2020,Kentucky,KY,8308,69815.42857,6126
9/27/2020,Kentucky,KY,7952,64273.71429,4949
9/20/2020,Kentucky,KY,7634,59456,4597
9/13/2020,Kentucky,KY,7202,54885.14286,4171
9/6/2020,Kentucky,KY,6799,50767.42857,4742
8/30/2020,Kentucky,KY,6361,46005.85714,4503
8/23/2020,Kentucky,KY,5955,41514.42857,4214
8/16/2020,Kentucky,KY,5571,37460.14286,4333
8/9/2020,Kentucky,KY,5316,33293.71429,3797
8/2/2020,Kentucky,KY,5100,29414.14286,4106
7/26/2020,Kentucky,KY,4793,25276.42857,3918
7/19/2020,Kentucky,KY,4554,21226.57143,3772
7/12/2020,Kentucky,KY,4282,18287.85714,3013
7/5/2020,Kentucky,KY,4033,16002.85714,1144
6/28/2020,Kentucky,KY,3811,14558.57143,1482
6/21/2020,Kentucky,KY,3627,13214.57143,1305
6/14/2020,Kentucky,KY,3417,11978.14286,1158
6/7/2020,Kentucky,KY,3195,10699.57143,1583
5/31/2020,Kentucky,KY,2840,9092.571429,1133
5/24/2020,Kentucky,KY,2610,8197.714286,883
5/17/2020,Kentucky,KY,2256,7058.142857,1248
5/10/2020,Kentucky,KY,1968,5855.428571,1561
5/3/2020,Kentucky,KY,1617,4514.285714,974
4/26/2020,Kentucky,KY,1254,3391.428571,1198
4/19/2020,Kentucky,KY,848,2310,867
4/12/2020,Kentucky,KY,516,1383.428571,923
4/5/2020,Kentucky,KY,165,672.5714286,523
3/29/2020,Kentucky,KY,38,218.1428571,295
3/22/2020,Kentucky,KY,10,43.42857143,83
3/15/2020,Kentucky,KY,2,9.571428571,15
11/15/2020,Louisiana,LA,42635,198540.2857,11532
11/8/2020,Louisiana,LA,41923,190651.8571,5261
11/1/2020,Louisiana,LA,41288,185940.2857,4145
10/25/2020,Louisiana,LA,40604,181522.2857,4706
10/18/2020,Louisiana,LA,39954,176779.7143,4282
10/11/2020,Louisiana,LA,39316,172511.2857,4868
10/4/2020,Louisiana,LA,38667,168000.1429,3644
9/27/2020,Louisiana,LA,37944,164349.7143,3817
9/20/2020,Louisiana,LA,37181,160463.5714,3868
9/13/2020,Louisiana,LA,36163,156179.1429,4626
9/6/2020,Louisiana,LA,35122,151322.8571,5196
8/30/2020,Louisiana,LA,34025,146019.5714,5625
8/23/2020,Louisiana,LA,32446,140673.8571,5025
8/16/2020,Louisiana,LA,30730,135174.4286,6519
8/9/2020,Louisiana,LA,28994,126769.5714,11652
8/2/2020,Louisiana,LA,27311,114359.4286,12173
7/26/2020,Louisiana,LA,25729,101074.4286,15868
7/19/2020,Louisiana,LA,24375,85899.57143,13584
7/12/2020,Louisiana,LA,23508,72328,12896
7/5/2020,Louisiana,LA,22757,61245.57143,8990
6/28/2020,Louisiana,LA,22146,53357.14286,6458
6/21/2020,Louisiana,LA,21477,48546.28571,3159
6/14/2020,Louisiana,LA,20870,44723,3803
6/7/2020,Louisiana,LA,20162,41581.85714,2900
5/31/2020,Louisiana,LA,19195,38779.57143,2747
5/24/2020,Louisiana,LA,18407,36100.14286,2737
5/17/2020,Louisiana,LA,16871,33200.28571,2832
5/10/2020,Louisiana,LA,15282,30656,2260
5/3/2020,Louisiana,LA,12965,28172.28571,2567
4/26/2020,Louisiana,LA,10661,25685.57143,2845
4/19/2020,Louisiana,LA,7932,22520.42857,3333
4/12/2020,Louisiana,LA,4849,18046.57143,7585
4/5/2020,Louisiana,LA,2263,8662.714286,9470
3/29/2020,Louisiana,LA,635,2323,2703
3/22/2020,Louisiana,LA,68,389.8571429,747
3/15/2020,Louisiana,LA,2,28.42857143,90
11/15/2020,Massachusetts,MA,71698,180407.1429,16876
11/8/2020,Massachusetts,MA,70589,165549,11692
11/1/2020,Massachusetts,MA,69623,155717.8571,9142
10/25/2020,Massachusetts,MA,68634,147381.5714,6905
10/18/2020,Massachusetts,MA,67728,141654.5714,4757
10/11/2020,Massachusetts,MA,66958,137113,3956
10/4/2020,Massachusetts,MA,66281,132931.8571,4305
9/27/2020,Massachusetts,MA,65522,129063.2857,3102
9/20/2020,Massachusetts,MA,64823,126229,2714
9/13/2020,Massachusetts,MA,64172,123684.8571,2264
9/6/2020,Massachusetts,MA,63602,123802,-5667
8/30/2020,Massachusetts,MA,63010,127166.4286,2869
8/23/2020,Massachusetts,MA,62179,124582.8571,2160
8/16/2020,Massachusetts,MA,61502,122281.2857,2160
8/9/2020,Massachusetts,MA,60820,119917,2582
8/2/2020,Massachusetts,MA,60135,117142.8571,2821
7/26/2020,Massachusetts,MA,59372,114668.4286,2103
7/19/2020,Massachusetts,MA,58670,112648,1937
7/12/2020,Massachusetts,MA,57853,110868.4286,1623
7/5/2020,Massachusetts,MA,56866,109367.2857,1307
6/28/2020,Massachusetts,MA,55779,107896.7143,1606
6/21/2020,Massachusetts,MA,54302,106399.2857,1458
6/14/2020,Massachusetts,MA,52445,104627.8571,2167
6/7/2020,Massachusetts,MA,50313,102106.8571,6471
5/31/2020,Massachusetts,MA,46408,94979.57143,4290
5/24/2020,Massachusetts,MA,42918,89893.85714,6665
5/17/2020,Massachusetts,MA,38140,82119.57143,8217
5/10/2020,Massachusetts,MA,31795,73567.57143,9706
5/3/2020,Massachusetts,MA,24689,62270.71429,13149
4/26/2020,Massachusetts,MA,18771,48106.28571,15118
4/19/2020,Massachusetts,MA,11660,32833.85714,14439
4/12/2020,Massachusetts,MA,5137,19057.57143,12979
4/5/2020,Massachusetts,MA,1632,9003.142857,7546
3/29/2020,Massachusetts,MA,346,2565.714286,4309
3/22/2020,Massachusetts,MA,28,269.5714286,483
3/15/2020,Massachusetts,MA,0,19,64
11/15/2020,Maryland,MD,29832,160313.1429,11934
11/8/2020,Maryland,MD,29278,150272.4286,7851
11/1/2020,Maryland,MD,28885,143448.1429,5866
10/25/2020,Maryland,MD,28484,138081.4286,4622
10/18/2020,Maryland,MD,28170,133683.2857,4300
10/11/2020,Maryland,MD,27864,129485,4067
10/4/2020,Maryland,MD,27647,125536.7143,3887
9/27/2020,Maryland,MD,27366,121901.5714,3247
9/20/2020,Maryland,MD,27028,118465.7143,4046
9/13/2020,Maryland,MD,26753,114306,3991
9/6/2020,Maryland,MD,26444,110142.8571,4328
8/30/2020,Maryland,MD,26074,106144.7143,3689
8/23/2020,Maryland,MD,25671,102336,3890
8/16/2020,Maryland,MD,25333,98203.57143,4709
8/9/2020,Maryland,MD,24867,93188.42857,5229
8/2/2020,Maryland,MD,24385,87406.71429,6526
7/26/2020,Maryland,MD,23893,81115.14286,5617
7/19/2020,Maryland,MD,23451,75739.28571,5022
7/12/2020,Maryland,MD,23007,71442,3477
7/5/2020,Maryland,MD,22484,68441.14286,2855
6/28/2020,Maryland,MD,21870,65723.71429,2471
6/21/2020,Maryland,MD,21089,63207,2605
6/14/2020,Maryland,MD,20071,60084.14286,3728
6/7/2020,Maryland,MD,18796,55795.28571,5195
5/31/2020,Maryland,MD,17451,49821.71429,6465
5/24/2020,Maryland,MD,15626,43342,7509
5/17/2020,Maryland,MD,13559,35986.71429,6217
5/10/2020,Maryland,MD,11074,29381.14286,7125
5/3/2020,Maryland,MD,8509,22228.28571,6881
4/26/2020,Maryland,MD,5873,15907.42857,5751
4/19/2020,Maryland,MD,3522,10847.71429,4605
4/12/2020,Maryland,MD,1598,6145.285714,4616
4/5/2020,Maryland,MD,501,2411.571429,2370
3/29/2020,Maryland,MD,72,663.5714286,995
3/22/2020,Maryland,MD,16,124.1428571,213
3/15/2020,Maryland,MD,0,15.14285714,28
11/15/2020,Maine,ME,1116,8417,1251
11/8/2020,Maine,ME,1050,7257.428571,978
11/1/2020,Maine,ME,1024,6481.714286,514
10/25/2020,Maine,ME,1022,6067.857143,262
10/18/2020,Maine,ME,1010,5843,216
10/11/2020,Maine,ME,997,5634,204
10/4/2020,Maine,ME,990,5418.857143,231
9/27/2020,Maine,ME,980,5203,209
9/20/2020,Maine,ME,965,4977.571429,216
9/13/2020,Maine,ME,941,4771,181
9/6/2020,Maine,ME,932,4605.571429,170
8/30/2020,Maine,ME,922,4423.428571,177
8/23/2020,Maine,ME,899,4262,167
8/16/2020,Maine,ME,883,4097.857143,126
8/9/2020,Maine,ME,869,4002.285714,84
8/2/2020,Maine,ME,852,3890.142857,144
7/26/2020,Maine,ME,827,3750.714286,127
7/19/2020,Maine,ME,805,3609.857143,148
7/12/2020,Maine,ME,777,3481,124
7/5/2020,Maine,ME,741,3325.571429,224
6/28/2020,Maine,ME,721,3071.285714,234
6/21/2020,Maine,ME,712,2878.714286,164
6/14/2020,Maine,ME,699,2681.285714,223
6/7/2020,Maine,ME,668,2452.285714,245
5/31/2020,Maine,ME,585,2191.714286,270
5/24/2020,Maine,ME,520,1880.857143,368
5/17/2020,Maine,ME,474,1565.285714,251
5/10/2020,Maine,ME,433,1319,251
5/3/2020,Maine,ME,375,1096.285714,170
4/26/2020,Maine,ME,301,939.5714286,148
4/19/2020,Maine,ME,185,791.2857143,234
4/12/2020,Maine,ME,107,564.2857143,163
4/5/2020,Maine,ME,51,379.4285714,217
3/29/2020,Maine,ME,5,166.8571429,164
3/22/2020,Maine,ME,0,52,86
3/15/2020,Maine,ME,0,1.428571429,3
11/15/2020,Michigan,MI,57483,259223,46789
11/8/2020,Michigan,MI,54862,217575.2857,31597
11/1/2020,Michigan,MI,53459,189455.7143,21794
10/25/2020,Michigan,MI,52156,170201.5714,16493
10/18/2020,Michigan,MI,51001,156140.4286,9655
10/11/2020,Michigan,MI,50300,146419,8193
10/4/2020,Michigan,MI,49666,138869.4286,6898
9/27/2020,Michigan,MI,49125,132248.2857,6286
9/20/2020,Michigan,MI,48643,126484.8571,5029
9/13/2020,Michigan,MI,48124,120911.5714,5867
9/6/2020,Michigan,MI,47502,115318.8571,4665
8/30/2020,Michigan,MI,46915,110134.8571,5718
8/23/2020,Michigan,MI,46400,104618.7143,4549
8/16/2020,Michigan,MI,45897,99832.71429,5533
8/9/2020,Michigan,MI,45481,94640.71429,4965
8/2/2020,Michigan,MI,45055,89650.42857,5100
7/26/2020,Michigan,MI,44738,84345.71429,4793
7/19/2020,Michigan,MI,44410,79659,5092
7/12/2020,Michigan,MI,43917,75087.71429,3835
7/5/2020,Michigan,MI,43415,71630.71429,2995
6/28/2020,Michigan,MI,42898,68950.28571,2235
6/21/2020,Michigan,MI,42392,66857.42857,1657
6/14/2020,Michigan,MI,41849,65494.85714,1085
6/7/2020,Michigan,MI,41249,64516.85714,1401
5/31/2020,Michigan,MI,40257,62710,2111
5/24/2020,Michigan,MI,38804,60424.85714,3179
5/17/2020,Michigan,MI,36915,56732.42857,5245
5/10/2020,Michigan,MI,34371,51611.71429,4004
5/3/2020,Michigan,MI,30904,47168.71429,5240
4/26/2020,Michigan,MI,25914,41466.28571,6232
4/19/2020,Michigan,MI,19763,35315.57143,5891
4/12/2020,Michigan,MI,12343,28961,7208
4/5/2020,Michigan,MI,5563,21179.57143,8674
3/29/2020,Michigan,MI,1259,12496.42857,7962
3/22/2020,Michigan,MI,89,5346.428571,5634
3/15/2020,Michigan,MI,0,1128.714286,1937
11/15/2020,Minnesota,MN,19538,202540.2857,42719
11/8/2020,Minnesota,MN,17940,166089.5714,30190
11/1/2020,Minnesota,MN,16896,142753.1429,16870
10/25/2020,Minnesota,MN,16058,128642.8571,10990
10/18/2020,Minnesota,MN,15443,117765.7143,10544
10/11/2020,Minnesota,MN,15142,108217.1429,8442
10/4/2020,Minnesota,MN,14701,100485.4286,7092
9/27/2020,Minnesota,MN,14291,93436.85714,6717
9/20/2020,Minnesota,MN,13966,87054.28571,5706
9/13/2020,Minnesota,MN,13561,82509.28571,3724
9/6/2020,Minnesota,MN,13220,78122.85714,5398
8/30/2020,Minnesota,MN,12926,72473.85714,5605
8/23/2020,Minnesota,MN,12519,67469.57143,4432
8/16/2020,Minnesota,MN,12099,63134.14286,4254
8/9/2020,Minnesota,MN,11731,58617.85714,4951
8/2/2020,Minnesota,MN,11439,53760.14286,4794
7/26/2020,Minnesota,MN,11197,48882.57143,4949
7/19/2020,Minnesota,MN,10946,44388.28571,3923
7/12/2020,Minnesota,MN,10686,40296.14286,4145
7/5/2020,Minnesota,MN,10437,37067.71429,2587
6/28/2020,Minnesota,MN,10072,34254.28571,2629
6/21/2020,Minnesota,MN,9621,31709.14286,2449
6/14/2020,Minnesota,MN,8931,30188.28571,1483
6/7/2020,Minnesota,MN,7902,28140.14286,2666
5/31/2020,Minnesota,MN,6809,25270.71429,3201
5/24/2020,Minnesota,MN,5691,21325.71429,5105
5/17/2020,Minnesota,MN,4638,16406.14286,4464
5/10/2020,Minnesota,MN,3546,12123.14286,4141
5/3/2020,Minnesota,MN,2434,7968.142857,3899
4/26/2020,Minnesota,MN,1419,4299.571429,2598
4/19/2020,Minnesota,MN,696,2479.142857,1050
4/12/2020,Minnesota,MN,344,1619.285714,647
4/5/2020,Minnesota,MN,132,1037.428571,492
3/29/2020,Minnesota,MN,23,565.1428571,376
3/22/2020,Minnesota,MN,2,280,221
3/15/2020,Minnesota,MN,0,51.42857143,126
11/15/2020,Missouri,MO,23220,225689.4286,30254
11/8/2020,Missouri,MO,21723,197568.4286,23662
11/1/2020,Missouri,MO,20392,177855,16040
10/25/2020,Missouri,MO,18797,163257,12799
10/18/2020,Missouri,MO,17327,150269.7143,12466
10/11/2020,Missouri,MO,16108,138347.4286,11799
10/4/2020,Missouri,MO,14882,128058,9025
9/27/2020,Missouri,MO,13690,118664,10562
9/20/2020,Missouri,MO,12310,108412.1429,10097
9/13/2020,Missouri,MO,11794,98080,9313
9/6/2020,Missouri,MO,11014,88875.14286,9779
8/30/2020,Missouri,MO,10233,79579,8580
8/23/2020,Missouri,MO,9899,71820.57143,7600
8/16/2020,Missouri,MO,9315,63765.42857,10096
8/9/2020,Missouri,MO,8976,55829.71429,5539
8/2/2020,Missouri,MO,8616,48125.42857,9913
7/26/2020,Missouri,MO,8170,37733.85714,8833
7/19/2020,Missouri,MO,7771,30497.42857,5651
7/12/2020,Missouri,MO,7356,25751.85714,4007
7/5/2020,Missouri,MO,7133,22326.42857,2861
6/28/2020,Missouri,MO,6862,19332.14286,2572
6/21/2020,Missouri,MO,6476,16990,2193
6/14/2020,Missouri,MO,5997,15347,1257
6/7/2020,Missouri,MO,5545,13996.28571,1406
5/31/2020,Missouri,MO,5055,12646.71429,1159
5/24/2020,Missouri,MO,4541,11413.57143,1199
5/17/2020,Missouri,MO,3875,10329,945
5/10/2020,Missouri,MO,2952,9301.714286,1458
5/3/2020,Missouri,MO,2289,7690.857143,1389
4/26/2020,Missouri,MO,1601,6379.142857,1330
4/19/2020,Missouri,MO,1062,5078.142857,1507
4/12/2020,Missouri,MO,542,3515.428571,1793
4/5/2020,Missouri,MO,141,1792,1529
3/29/2020,Missouri,MO,50,509.8571429,748
3/22/2020,Missouri,MO,8,37.28571429,85
3/15/2020,Missouri,MO,0,2.142857143,4
11/15/2020,Mississippi,MS,24536,130717.2857,7620
11/8/2020,Mississippi,MS,23829,123709.1429,6189
11/1/2020,Mississippi,MS,23168,118368.5714,5412
10/25/2020,Mississippi,MS,22575,113024.2857,5082
10/18/2020,Mississippi,MS,22010,107913.1429,5074
10/11/2020,Mississippi,MS,21428,102816.7143,4444
10/4/2020,Mississippi,MS,20849,98853.71429,3629
9/27/2020,Mississippi,MS,20124,95289.71429,3495
9/20/2020,Mississippi,MS,19375,91728,3490
9/13/2020,Mississippi,MS,18501,88472.14286,2986
9/6/2020,Mississippi,MS,17739,85045.71429,4212
8/30/2020,Mississippi,MS,16616,80630.71429,4782
8/23/2020,Mississippi,MS,15267,75301.14286,5758
8/16/2020,Mississippi,MS,14063,70017.57143,4963
8/9/2020,Mississippi,MS,12711,64346.14286,6620
8/2/2020,Mississippi,MS,11277,57117.14286,8249
7/26/2020,Mississippi,MS,10044,48228.71429,9666
7/19/2020,Mississippi,MS,9153,39699.85714,6351
7/12/2020,Mississippi,MS,8358,33754,5387
7/5/2020,Mississippi,MS,7616,28689.71429,5008
6/28/2020,Mississippi,MS,7090,24230.57143,5251
6/21/2020,Mississippi,MS,6500,20450.85714,1125
6/14/2020,Mississippi,MS,6071,18636.71429,2246
6/7/2020,Mississippi,MS,5505,16493.14286,1769
5/31/2020,Mississippi,MS,4817,14446.42857,2249
5/24/2020,Mississippi,MS,4069,12315.14286,1956
5/17/2020,Mississippi,MS,3361,10482.14286,1795
5/10/2020,Mississippi,MS,2682,8737.571429,1951
5/3/2020,Mississippi,MS,1854,6860.428571,1639
4/26/2020,Mississippi,MS,1403,5191.142857,1637
4/19/2020,Mississippi,MS,911,3579.142857,1493
4/12/2020,Mississippi,MS,524,2258.285714,1143
4/5/2020,Mississippi,MS,191,1212.142857,880
3/29/2020,Mississippi,MS,45,490.1428571,551
3/22/2020,Mississippi,MS,3,77.71428571,197
3/15/2020,Mississippi,MS,0,3,10
11/15/2020,Montana,MT,3374,43370.42857,7479
11/8/2020,Montana,MT,2916,36986.85714,6184
11/1/2020,Montana,MT,2385,30982.57143,5615
10/25/2020,Montana,MT,1919,25622.85714,5059
10/18/2020,Montana,MT,1600,20932.57143,4119
10/11/2020,Montana,MT,1397,16736,4067
10/4/2020,Montana,MT,1271,13507.71429,2528
9/27/2020,Montana,MT,1167,11265.85714,1808
9/20/2020,Montana,MT,1021,9680.285714,1278
9/13/2020,Montana,MT,881,8651.285714,757
9/6/2020,Montana,MT,776,7848.428571,924
8/30/2020,Montana,MT,692,6925.857143,911
8/23/2020,Montana,MT,608,6098.142857,679
8/16/2020,Montana,MT,558,5392.285714,798
8/9/2020,Montana,MT,478,4596.571429,759
8/2/2020,Montana,MT,389,3797.857143,851
7/26/2020,Montana,MT,302,2956.714286,809
7/19/2020,Montana,MT,246,2213.142857,775
7/12/2020,Montana,MT,180,1491.571429,546
7/5/2020,Montana,MT,157,1070.285714,349
6/28/2020,Montana,MT,150,799.4285714,146
6/21/2020,Montana,MT,138,655.5714286,116
6/14/2020,Montana,MT,127,569.7142857,56
6/7/2020,Montana,MT,122,533.1428571,30
5/31/2020,Montana,MT,118,491,36
5/24/2020,Montana,MT,112,476.4285714,11
5/17/2020,Montana,MT,112,463.7142857,10
5/10/2020,Montana,MT,112,457,3
5/3/2020,Montana,MT,109,452.4285714,7
4/26/2020,Montana,MT,92,441.1428571,15
4/19/2020,Montana,MT,56,413.2857143,46
4/12/2020,Montana,MT,42,347.5714286,101
4/5/2020,Montana,MT,34,226.2857143,132
3/29/2020,Montana,MT,2,85,123
3/22/2020,Montana,MT,0,14.85714286,24
3/15/2020,Montana,MT,0,2,7
11/15/2020,North Carolina,NC,32961,303271.8571,18896
11/8/2020,North Carolina,NC,31696,285717.2857,16647
11/1/2020,North Carolina,NC,30002,269134.1429,16593
10/25/2020,North Carolina,NC,28460,253372.1429,14071
10/18/2020,North Carolina,NC,27092,239135.7143,14557
10/11/2020,North Carolina,NC,26004,225433.1429,13975
10/4/2020,North Carolina,NC,24921,212856,10116
9/27/2020,North Carolina,NC,23495,200345.8571,13799
9/20/2020,North Carolina,NC,22185,189588,8645
9/13/2020,North Carolina,NC,20876,181114.5714,8035
9/6/2020,North Carolina,NC,19643,172352.7143,10774
8/30/2020,North Carolina,NC,18368,161127.4286,11014
8/23/2020,North Carolina,NC,17186,150113.8571,10161
8/16/2020,North Carolina,NC,15915,140778.8571,8734
8/9/2020,North Carolina,NC,14596,131292,10999
8/2/2020,North Carolina,NC,13235,119959.1429,12506
7/26/2020,North Carolina,NC,12043,106943,12935
7/19/2020,North Carolina,NC,11087,93559.57143,14077
7/12/2020,North Carolina,NC,10201,79698.28571,12718
7/5/2020,North Carolina,NC,9615,68241,10841
6/28/2020,North Carolina,NC,8961,57558.85714,9341
6/21/2020,North Carolina,NC,8244,48575.42857,8682
6/14/2020,North Carolina,NC,7457,39905.71429,8573
6/7/2020,North Carolina,NC,6672,32188.71429,6957
5/31/2020,North Carolina,NC,5763,25842,5367
5/24/2020,North Carolina,NC,4979,21038.57143,4710
5/17/2020,North Carolina,NC,4291,16619.57143,3748
5/10/2020,North Carolina,NC,3484,13321.57143,3100
5/3/2020,North Carolina,NC,2621,10466.14286,2834
4/26/2020,North Carolina,NC,1744,7721.142857,2337
4/19/2020,North Carolina,NC,930,5560,1973
4/12/2020,North Carolina,NC,432,3701.142857,1935
4/5/2020,North Carolina,NC,114,1903.714286,1545
3/29/2020,North Carolina,NC,14,653.2857143,785
3/22/2020,North Carolina,NC,0,115.5714286,223
3/15/2020,North Carolina,NC,0,14,30
11/15/2020,North Dakota,ND,3776,59373.71429,9491
11/8/2020,North Dakota,ND,3212,50064.42857,9262
11/1/2020,North Dakota,ND,2677,41407.14286,7324
10/25/2020,North Dakota,ND,2326,35150.28571,5741
10/18/2020,North Dakota,ND,1975,29762.57143,4713
10/11/2020,North Dakota,ND,1570,25485.71429,3715
10/4/2020,North Dakota,ND,1317,22260.85714,2826
9/27/2020,North Dakota,ND,1087,19453.28571,2766
9/20/2020,North Dakota,ND,978,16820.85714,2381
9/13/2020,North Dakota,ND,913,14519.14286,1951
9/6/2020,North Dakota,ND,861,12662.42857,1930
8/30/2020,North Dakota,ND,816,10818.85714,1833
8/23/2020,North Dakota,ND,772,9238.714286,1281
8/16/2020,North Dakota,ND,727,8149.714286,993
8/9/2020,North Dakota,ND,679,7188.857143,940
8/2/2020,North Dakota,ND,655,6333,780
7/26/2020,North Dakota,ND,612,5482.142857,856
7/19/2020,North Dakota,ND,565,4691.142857,682
7/12/2020,North Dakota,ND,549,4071.571429,519
7/5/2020,North Dakota,ND,545,3669.428571,322
6/28/2020,North Dakota,ND,526,3391.142857,205
6/21/2020,North Dakota,ND,490,3190.285714,207
6/14/2020,North Dakota,ND,462,2977.714286,219
6/7/2020,North Dakota,ND,393,2724,283
5/31/2020,North Dakota,ND,315,2480.571429,238
5/24/2020,North Dakota,ND,266,2144.285714,440
5/17/2020,North Dakota,ND,214,1705.714286,408
5/10/2020,North Dakota,ND,149,1366,299
5/3/2020,North Dakota,ND,139,1069.142857,324
4/26/2020,North Dakota,ND,103,724.7142857,283
4/19/2020,North Dakota,ND,63,425.4285714,276
4/12/2020,North Dakota,ND,37,265.8571429,101
4/5/2020,North Dakota,ND,20,155.4285714,110
3/29/2020,North Dakota,ND,2,56,69
3/22/2020,North Dakota,ND,0,14.14285714,27
3/15/2020,North Dakota,ND,0,0.571428571,1
11/15/2020,Nebraska,NE,5184,90214.85714,14439
11/8/2020,Nebraska,NE,4717,76476.28571,11663
11/1/2020,Nebraska,NE,4382,66963.42857,7517
10/25/2020,Nebraska,NE,4016,60516,5881
10/18/2020,Nebraska,NE,3728,54672.42857,5447
10/11/2020,Nebraska,NE,3570,49615.57143,4484
10/4/2020,Nebraska,NE,3381,45687.71429,3807
9/27/2020,Nebraska,NE,3216,42289,2799
9/20/2020,Nebraska,NE,3070,39495.85714,2689
9/13/2020,Nebraska,NE,2933,36939.57143,2303
9/6/2020,Nebraska,NE,2799,34976.71429,2052
8/30/2020,Nebraska,NE,2705,32757.28571,1973
8/23/2020,Nebraska,NE,2587,31079.14286,1539
8/16/2020,Nebraska,NE,2482,29327.28571,1996
8/9/2020,Nebraska,NE,2361,27499.28571,1854
8/2/2020,Nebraska,NE,2270,25494.85714,1996
7/26/2020,Nebraska,NE,2176,23499,1914
7/19/2020,Nebraska,NE,2051,21891.85714,1483
7/12/2020,Nebraska,NE,1986,20428.42857,1171
7/5/2020,Nebraska,NE,1936,19338.14286,1052
6/28/2020,Nebraska,NE,1799,18246.42857,1068
6/21/2020,Nebraska,NE,1629,17220.85714,1074
6/14/2020,Nebraska,NE,1406,16107.85714,1090
6/7/2020,Nebraska,NE,1276,14851.71429,1638
5/31/2020,Nebraska,NE,1120,12986.28571,1916
5/24/2020,Nebraska,NE,955,11145.28571,1769
5/17/2020,Nebraska,NE,763,9151.714286,1986
5/10/2020,Nebraska,NE,602,6922.428571,2908
5/3/2020,Nebraska,NE,453,3998.428571,2594
4/26/2020,Nebraska,NE,294,1990.571429,1445
4/19/2020,Nebraska,NE,152,1004.142857,496
4/12/2020,Nebraska,NE,93,581.1428571,428
4/5/2020,Nebraska,NE,34,248,255
3/29/2020,Nebraska,NE,4,75,60
3/22/2020,Nebraska,NE,0,29.71428571,31
3/15/2020,Nebraska,NE,0,9.285714286,16
11/15/2020,New Hampshire,NH,3461,13592.42857,2183
11/8/2020,New Hampshire,NH,3402,11840,1274
11/1/2020,New Hampshire,NH,3358,10788.42857,886
10/25/2020,New Hampshire,NH,3292,10023.28571,634
10/18/2020,New Hampshire,NH,3231,9432.857143,602
10/11/2020,New Hampshire,NH,3146,8878.714286,447
10/4/2020,New Hampshire,NH,3085,8400,473
9/27/2020,New Hampshire,NH,3068,8047.142857,225
9/20/2020,New Hampshire,NH,3064,7826.285714,251
9/13/2020,New Hampshire,NH,3038,7572.142857,249
9/6/2020,New Hampshire,NH,3025,7350.714286,193
8/30/2020,New Hampshire,NH,3015,7193.285714,147
8/23/2020,New Hampshire,NH,2988,7050.857143,119
8/16/2020,New Hampshire,NH,2948,6914,157
8/9/2020,New Hampshire,NH,2927,6728.142857,218
8/2/2020,New Hampshire,NH,2885,6531.285714,177
7/26/2020,New Hampshire,NH,2821,6311.142857,233
7/19/2020,New Hampshire,NH,2756,6122.714286,179
7/12/2020,New Hampshire,NH,2701,5954.714286,167
7/5/2020,New Hampshire,NH,2605,5805.714286,140
6/28/2020,New Hampshire,NH,2465,5618.571429,199
6/21/2020,New Hampshire,NH,2303,5420.571429,219
6/14/2020,New Hampshire,NH,2108,5170.142857,280
6/7/2020,New Hampshire,NH,1850,4827.714286,474
5/31/2020,New Hampshire,NH,1568,4326.571429,456
5/24/2020,New Hampshire,NH,1331,3850,533
5/17/2020,New Hampshire,NH,1047,3334.571429,545
5/10/2020,New Hampshire,NH,741,2764.714286,582
5/3/2020,New Hampshire,NH,483,2107.285714,642
4/26/2020,New Hampshire,NH,337,1591.285714,445
4/19/2020,New Hampshire,NH,222,1171.285714,413
4/12/2020,New Hampshire,NH,120,799,308
4/5/2020,New Hampshire,NH,35,442.5714286,407
3/29/2020,New Hampshire,NH,8,140.4285714,149
3/22/2020,New Hampshire,NH,0,37,52
3/15/2020,New Hampshire,NH,0,6.285714286,9
11/15/2020,New Jersey,NJ,115508,267422.4286,24679
11/8/2020,New Jersey,NJ,114796,247550.7143,14966
11/1/2020,New Jersey,NJ,114297,234656.7143,11161
10/25/2020,New Jersey,NJ,113788,224606.1429,8455
10/18/2020,New Jersey,NJ,113362,216964.8571,6385
10/11/2020,New Jersey,NJ,113106,211081.5714,5426
10/4/2020,New Jersey,NJ,112867,206034.4286,4654
9/27/2020,New Jersey,NJ,112595,201681.7143,3786
9/20/2020,New Jersey,NJ,112342,198349.1429,3128
9/13/2020,New Jersey,NJ,112060,195474.2857,2576
9/6/2020,New Jersey,NJ,111781,193006.4286,2447
8/30/2020,New Jersey,NJ,111449,190651.5714,2117
8/23/2020,New Jersey,NJ,111172,188623.7143,2039
8/16/2020,New Jersey,NJ,110816,186442.7143,2682
8/9/2020,New Jersey,NJ,110414,183696.4286,2423
8/2/2020,New Jersey,NJ,109928,181126,2987
7/26/2020,New Jersey,NJ,109063,178045.2857,2580
7/19/2020,New Jersey,NJ,108136,176337.7143,1485
7/12/2020,New Jersey,NJ,106845,174379,1896
7/5/2020,New Jersey,NJ,105134,172342.8571,2220
6/28/2020,New Jersey,NJ,103443,170268,2040
6/21/2020,New Jersey,NJ,101784,168115.8571,2261
6/14/2020,New Jersey,NJ,99225,165729.2857,2717
6/7/2020,New Jersey,NJ,95751,162636.2857,3719
5/31/2020,New Jersey,NJ,91857,157742.2857,6291
5/24/2020,New Jersey,NJ,87528,151271.4286,7820
5/17/2020,New Jersey,NJ,80701,142897.1429,7802
5/10/2020,New Jersey,NJ,71816,133636.8571,11788
5/3/2020,New Jersey,NJ,59695,118801.5714,17706
4/26/2020,New Jersey,NJ,45652,99114.85714,23737
4/19/2020,New Jersey,NJ,30766,74991.85714,23451
4/12/2020,New Jersey,NJ,15619,51222.71429,24345
4/5/2020,New Jersey,NJ,4843,26385.85714,24119
3/29/2020,New Jersey,NJ,837,7304.571429,11472
3/22/2020,New Jersey,NJ,93,820.7142857,1816
3/15/2020,New Jersey,NJ,6,39.71428571,92
11/15/2020,New Mexico,NM,8132,59100.57143,9500
11/8/2020,New Mexico,NM,7440,50286,7181
11/1/2020,New Mexico,NM,6933,44106.71429,5450
10/25/2020,New Mexico,NM,6639,38755.14286,4697
10/18/2020,New Mexico,NM,6444,34488.42857,3621
10/11/2020,New Mexico,NM,6284,31449.57143,2426
10/4/2020,New Mexico,NM,6154,29482.57143,1604
9/27/2020,New Mexico,NM,6005,28063.14286,1180
9/20/2020,New Mexico,NM,5832,27089.71429,851
9/13/2020,New Mexico,NM,5685,26336.14286,613
9/6/2020,New Mexico,NM,5511,25638.42857,870
8/30/2020,New Mexico,NM,5297,24753.14286,876
8/23/2020,New Mexico,NM,5100,23797.71429,1000
8/16/2020,New Mexico,NM,4874,22809.57143,1187
8/9/2020,New Mexico,NM,4659,21557.85714,1319
8/2/2020,New Mexico,NM,4419,20036.42857,2008
7/26/2020,New Mexico,NM,4132,17851,2052
7/19/2020,New Mexico,NM,3897,15857.71429,1963
7/12/2020,New Mexico,NM,3689,14011.42857,1710
7/5/2020,New Mexico,NM,3509,12367.57143,1444
6/28/2020,New Mexico,NM,3359,11043.71429,1054
6/21/2020,New Mexico,NM,3163,10077.71429,944
6/14/2020,New Mexico,NM,2893,9290,821
6/7/2020,New Mexico,NM,2622,8211.142857,1176
5/31/2020,New Mexico,NM,2321,7261.714286,829
5/24/2020,New Mexico,NM,1998,6347.857143,938
5/17/2020,New Mexico,NM,1612,5361.428571,1079
5/10/2020,New Mexico,NM,1182,4322,1046
5/3/2020,New Mexico,NM,818,3198.857143,1072
4/26/2020,New Mexico,NM,504,2236.857143,862
4/19/2020,New Mexico,NM,277,1512.428571,624
4/12/2020,New Mexico,NM,111,903.5714286,631
4/5/2020,New Mexico,NM,45,376.7142857,306
3/29/2020,New Mexico,NM,6,132,180
3/22/2020,New Mexico,NM,0,37.14285714,44
3/15/2020,New Mexico,NM,0,5.857142857,13
11/15/2020,Nevada,NV,13178,115357.5714,10161
11/8/2020,Nevada,NV,12775,105754.5714,8543
11/1/2020,Nevada,NV,12375,98735.28571,5776
10/25/2020,Nevada,NV,12136,93062.85714,5442
10/18/2020,Nevada,NV,11851,88152,4482
10/11/2020,Nevada,NV,11514,84042.57143,3679
10/4/2020,Nevada,NV,11233,80595.14286,3372
9/27/2020,Nevada,NV,10937,77310.57143,2924
9/20/2020,Nevada,NV,10521,74716.57143,2267
9/13/2020,Nevada,NV,9967,72634,1927
9/6/2020,Nevada,NV,9469,70340,2702
8/30/2020,Nevada,NV,8842,67361.42857,3307
8/23/2020,Nevada,NV,8064,63760.14286,4296
8/16/2020,Nevada,NV,7156,58978.85714,5075
8/9/2020,Nevada,NV,6325,53706.42857,6025
8/2/2020,Nevada,NV,5573,46966.28571,7371
7/26/2020,Nevada,NV,4925,39764.57143,7069
7/19/2020,Nevada,NV,4379,32007.71429,8082
7/12/2020,Nevada,NV,3973,25189.71429,5265
7/5/2020,Nevada,NV,3639,19985,5258
6/28/2020,Nevada,NV,3471,15280.28571,3955
6/21/2020,Nevada,NV,3417,12211,2032
6/14/2020,Nevada,NV,3322,10453.42857,1524
6/7/2020,Nevada,NV,3200,9130.571429,1056
5/31/2020,Nevada,NV,2981,8233.571429,823
5/24/2020,Nevada,NV,2775,7320,913
5/17/2020,Nevada,NV,2519,6505.142857,759
5/10/2020,Nevada,NV,2221,5789.142857,675
5/3/2020,Nevada,NV,1867,5050.285714,821
4/26/2020,Nevada,NV,1464,4227.857143,874
4/19/2020,Nevada,NV,1084,3352.714286,892
4/12/2020,Nevada,NV,754,2419.142857,1000
4/5/2020,Nevada,NV,370,1419.714286,1098
3/29/2020,Nevada,NV,125,443.2857143,584
3/22/2020,Nevada,NV,22,100.2857143,109
3/15/2020,Nevada,NV,1,18.85714286,41
11/15/2020,New York,NY,182374,546138,31164
11/8/2020,New York,NY,181236,519478.4286,19301
11/1/2020,New York,NY,180500,503114.2857,14271
10/25/2020,New York,NY,179857,490209.4286,11183
10/18/2020,New York,NY,179317,479663.1429,9995
10/11/2020,New York,NY,178867,469988.5714,9704
10/4/2020,New York,NY,178428,460337.1429,8956
9/27/2020,New York,NY,178088,452940,5726
9/20/2020,New York,NY,177897,447325.7143,5535
9/13/2020,New York,NY,177631,442065.7143,4864
9/6/2020,New York,NY,177395,437119.2857,5401
8/30/2020,New York,NY,177164,432094.1429,4363
8/23/2020,New York,NY,176913,427843.7143,4229
8/16/2020,New York,NY,176587,423436.8571,4648
8/9/2020,New York,NY,176298,418918.8571,4562
8/2/2020,New York,NY,176004,414323.4286,4562
7/26/2020,New York,NY,175562,409639.4286,4929
7/19/2020,New York,NY,175107,404697.4286,5101
7/12/2020,New York,NY,174661,399623.1429,4575
7/5/2020,New York,NY,174125,395002.5714,4592
6/28/2020,New York,NY,173566,390476.5714,4603
6/21/2020,New York,NY,172598,385883.5714,4612
6/14/2020,New York,NY,171066,380999.5714,5227
6/7/2020,New York,NY,168840,375084.2857,7327
5/31/2020,New York,NY,165950,366716,9255
5/24/2020,New York,NY,161499,356377,11394
5/17/2020,New York,NY,155069,343345.4286,14726
5/10/2020,New York,NY,143559,327242.2857,18980
5/3/2020,New York,NY,127985,304124.4286,28370
4/26/2020,New York,NY,109944,265950.8571,45259
4/19/2020,New York,NY,84721,220351.7143,54092
4/12/2020,New York,NY,49438,159781.2857,66663
4/5/2020,New York,NY,17741,93854.71429,62518
3/29/2020,New York,NY,3206,38725,44345
3/22/2020,New York,NY,231,5972.857143,14439
3/15/2020,New York,NY,3,345.8571429,624
11/15/2020,Ohio,OH,39488,275590.8571,47828
11/8/2020,Ohio,OH,38119,235657,31268
11/1/2020,Ohio,OH,36882,209247.7143,20885
10/25/2020,Ohio,OH,36064,190652.4286,16328
10/18/2020,Ohio,OH,35281,175902.2857,13038
10/11/2020,Ohio,OH,34821,164365.2857,9842
10/4/2020,Ohio,OH,33905,155384.5714,8098
9/27/2020,Ohio,OH,32875,147889.1429,6500
9/20/2020,Ohio,OH,31895,141503.4286,6904
9/13/2020,Ohio,OH,30481,134239.7143,6847
9/6/2020,Ohio,OH,29468,127061.8571,8296
8/30/2020,Ohio,OH,28461,118897.7143,7460
8/23/2020,Ohio,OH,27447,111983.1429,6515
8/16/2020,Ohio,OH,26304,105249.8571,7439
8/9/2020,Ohio,OH,25312,97476.71429,7817
8/2/2020,Ohio,OH,24123,89352.85714,8958
7/26/2020,Ohio,OH,22800,80187.71429,9141
7/19/2020,Ohio,OH,21729,70827.71429,9340
7/12/2020,Ohio,OH,21020,61576.28571,8441
7/5/2020,Ohio,OH,20181,54065.28571,6842
6/28/2020,Ohio,OH,19365,47782.28571,5501
6/21/2020,Ohio,OH,18478,43133,3660
6/14/2020,Ohio,OH,17391,39999.71429,2672
6/7/2020,Ohio,OH,16204,37250.42857,2963
5/31/2020,Ohio,OH,14566,33992.85714,3602
5/24/2020,Ohio,OH,12791,30160.28571,3988
5/17/2020,Ohio,OH,10626,26350.85714,3842
5/10/2020,Ohio,OH,8665,22277.71429,4167
5/3/2020,Ohio,OH,6525,18059.42857,3951
4/26/2020,Ohio,OH,4461,14596.28571,4361
4/19/2020,Ohio,OH,2688,8770.142857,4998
4/12/2020,Ohio,OH,1446,5517.714286,2561
4/5/2020,Ohio,OH,552,2953.571429,2390
3/29/2020,Ohio,OH,112,967.5714286,1302
3/22/2020,Ohio,OH,7,155.8571429,315
3/15/2020,Ohio,OH,0,11,36
11/15/2020,Oklahoma,OK,10383,145332.5714,17870
11/8/2020,Oklahoma,OK,9830,129875.1429,12147
11/1/2020,Oklahoma,OK,9124,120503,7375
10/25/2020,Oklahoma,OK,8523,112462.2857,9437
10/18/2020,Oklahoma,OK,7991,103891.1429,7912
10/11/2020,Oklahoma,OK,7565,95762.85714,8070
10/4/2020,Oklahoma,OK,7238,88372.14286,7807
9/27/2020,Oklahoma,OK,6862,81132.14286,6703
9/20/2020,Oklahoma,OK,6499,73473.85714,7453
9/13/2020,Oklahoma,OK,6138,66793.85714,5747
9/6/2020,Oklahoma,OK,5814,61158.71429,5587
8/30/2020,Oklahoma,OK,5397,55673.57143,4855
8/23/2020,Oklahoma,OK,4921,50877,4823
8/16/2020,Oklahoma,OK,4450,46175.57143,4776
8/9/2020,Oklahoma,OK,4099,41275.85714,5341
8/2/2020,Oklahoma,OK,3704,35609.57143,6940
7/26/2020,Oklahoma,OK,3340,28215.85714,6020
7/19/2020,Oklahoma,OK,3069,23314,5030
7/12/2020,Oklahoma,OK,2879,18439.57143,4307
7/5/2020,Oklahoma,OK,2750,14602.57143,2984
6/28/2020,Oklahoma,OK,2633,11878.28571,2429
6/21/2020,Oklahoma,OK,2556,9368.285714,2284
6/14/2020,Oklahoma,OK,2490,7689.428571,1081
6/7/2020,Oklahoma,OK,2395,6862.428571,644
5/31/2020,Oklahoma,OK,2276,6284,469
5/24/2020,Oklahoma,OK,2114,5706.428571,727
5/17/2020,Oklahoma,OK,1975,4970.285714,721
5/10/2020,Oklahoma,OK,1806,4315,617
5/3/2020,Oklahoma,OK,1546,3621.714286,719
4/26/2020,Oklahoma,OK,1233,2995,654
4/19/2020,Oklahoma,OK,876,2358.142857,629
4/12/2020,Oklahoma,OK,555,1662.714286,718
4/5/2020,Oklahoma,OK,230,863.2857143,823
3/29/2020,Oklahoma,OK,56,246.7142857,362
3/22/2020,Oklahoma,OK,5,38.42857143,58
3/15/2020,Oklahoma,OK,0,3.428571429,8
11/15/2020,Oregon,OR,5232,53935.42857,6432
11/8/2020,Oregon,OR,4983,47995.57143,5019
11/1/2020,Oregon,OR,4718,43857.71429,3328
10/25/2020,Oregon,OR,4497,40910.14286,2569
10/18/2020,Oregon,OR,4280,38530.71429,2270
10/11/2020,Oregon,OR,4125,36123.14286,2492
10/4/2020,Oregon,OR,3927,33871.42857,1950
9/27/2020,Oregon,OR,3773,31913,2019
9/20/2020,Oregon,OR,3644,30084,1464
9/13/2020,Oregon,OR,3472,28718.28571,1293
9/6/2020,Oregon,OR,3298,27367.28571,1490
8/30/2020,Oregon,OR,3078,25825.57143,1617
8/23/2020,Oregon,OR,2853,24175.71429,1675
8/16/2020,Oregon,OR,2642,22353.85714,1990
8/9/2020,Oregon,OR,2397,20312.42857,2175
8/2/2020,Oregon,OR,2192,18108.85714,2339
7/26/2020,Oregon,OR,1930,15778,2179
7/19/2020,Oregon,OR,1748,13480.42857,2409
7/12/2020,Oregon,OR,1587,11211.42857,1940
7/5/2020,Oregon,OR,1465,9308.857143,1889
6/28/2020,Oregon,OR,1382,7660.285714,1404
6/21/2020,Oregon,OR,1299,6394.428571,1301
6/14/2020,Oregon,OR,1196,5250.714286,828
6/7/2020,Oregon,OR,1117,4507.142857,565
5/31/2020,Oregon,OR,1052,4085.571429,316
5/24/2020,Oregon,OR,1009,3815.714286,304
5/17/2020,Oregon,OR,942,3463.285714,395
5/10/2020,Oregon,OR,836,2994.142857,548
5/3/2020,Oregon,OR,710,2508.285714,369
4/26/2020,Oregon,OR,578,2126.428571,401
4/19/2020,Oregon,OR,446,1736.428571,383
4/12/2020,Oregon,OR,281,1298.857143,459
4/5/2020,Oregon,OR,148,832,520
3/29/2020,Oregon,OR,70,339.5714286,387
3/22/2020,Oregon,OR,16,91.14285714,125
3/15/2020,Oregon,OR,0,23.28571429,22
11/15/2020,Pennsylvania,PA,64259,249234.1429,34243
11/8/2020,Pennsylvania,PA,62515,221132.5714,20958
11/1/2020,Pennsylvania,PA,61262,203024.4286,15648
10/25/2020,Pennsylvania,PA,60132,188619,12076
10/18/2020,Pennsylvania,PA,59010,177661.8571,9996
10/11/2020,Pennsylvania,PA,58044,168072,8681
10/4/2020,Pennsylvania,PA,57126,159976.1429,7385
9/27/2020,Pennsylvania,PA,56458,153426.2857,5572
9/20/2020,Pennsylvania,PA,55431,147899.4286,6697
9/13/2020,Pennsylvania,PA,54707,141994.2857,4565
9/6/2020,Pennsylvania,PA,54070,136686.4286,5812
8/30/2020,Pennsylvania,PA,53442,131361.4286,4456
8/23/2020,Pennsylvania,PA,52740,126946,4588
8/16/2020,Pennsylvania,PA,51841,122027.8571,5608
8/9/2020,Pennsylvania,PA,50891,116517.4286,5262
8/2/2020,Pennsylvania,PA,50208,111074,6165
7/26/2020,Pennsylvania,PA,49531,104554,6398
7/19/2020,Pennsylvania,PA,48786,98467.14286,5761
7/12/2020,Pennsylvania,PA,47882,92921.28571,5412
7/5/2020,Pennsylvania,PA,46872,87982.85714,4358
6/28/2020,Pennsylvania,PA,45702,83725.57143,3766
6/21/2020,Pennsylvania,PA,44440,80345.14286,2932
6/14/2020,Pennsylvania,PA,42730,77753.85714,2586
6/7/2020,Pennsylvania,PA,40552,74559,3666
5/31/2020,Pennsylvania,PA,37485,70314,4833
5/24/2020,Pennsylvania,PA,33826,65247.71429,5479
5/17/2020,Pennsylvania,PA,28861,59706.57143,5623
5/10/2020,Pennsylvania,PA,23003,53139.14286,7344
5/3/2020,Pennsylvania,PA,15016,45712.28571,8102
4/26/2020,Pennsylvania,PA,10390,37194.71429,8881
4/19/2020,Pennsylvania,PA,5166,28080.42857,9451
4/12/2020,Pennsylvania,PA,2466,18067.57143,11323
4/5/2020,Pennsylvania,PA,664,7385.428571,8116
3/29/2020,Pennsylvania,PA,134,1810.285714,2915
3/22/2020,Pennsylvania,PA,7,229.7142857,416
3/15/2020,Pennsylvania,PA,0,30.14285714,57
11/15/2020,Rhode Island,RI,8739,40725.85714,5699
11/8/2020,Rhode Island,RI,8545,35833.28571,3855
11/1/2020,Rhode Island,RI,8371,32413.57143,3031
10/25/2020,Rhode Island,RI,8208,29610.14286,2595
10/18/2020,Rhode Island,RI,8040,27474.85714,1512
10/11/2020,Rhode Island,RI,7895,26065.71429,1381
10/4/2020,Rhode Island,RI,7811,24904.57143,971
9/27/2020,Rhode Island,RI,7731,24189.57143,518
9/20/2020,Rhode Island,RI,7592,23503.42857,782
9/13/2020,Rhode Island,RI,7465,22803.42857,579
9/6/2020,Rhode Island,RI,7375,22202.57143,616
8/30/2020,Rhode Island,RI,7299,21594.28571,640
8/23/2020,Rhode Island,RI,7202,20912.85714,749
8/16/2020,Rhode Island,RI,7133,20234.85714,608
8/9/2020,Rhode Island,RI,7091,19600.57143,884
8/2/2020,Rhode Island,RI,7044,18865.14286,798
7/26/2020,Rhode Island,RI,6995,18110.28571,431
7/19/2020,Rhode Island,RI,6914,17686.42857,481
7/12/2020,Rhode Island,RI,6802,17250,204
7/5/2020,Rhode Island,RI,6691,17006,273
6/28/2020,Rhode Island,RI,6422,16706.14286,359
6/21/2020,Rhode Island,RI,6159,16341,372
6/14/2020,Rhode Island,RI,5741,15918.57143,466
6/7/2020,Rhode Island,RI,5266,15392,650
5/31/2020,Rhode Island,RI,4696,14630.28571,847
5/24/2020,Rhode Island,RI,3916,13720.42857,1101
5/17/2020,Rhode Island,RI,3271,12435.28571,1427
5/10/2020,Rhode Island,RI,2693,10860.14286,1910
5/3/2020,Rhode Island,RI,1884,8930,1934
4/26/2020,Rhode Island,RI,1418,6733.428571,2562
4/19/2020,Rhode Island,RI,777,4254.714286,2065
4/12/2020,Rhode Island,RI,303,2228.571429,1992
4/5/2020,Rhode Island,RI,90,772.8571429,733
3/29/2020,Rhode Island,RI,3,235.2857143,304
3/22/2020,Rhode Island,RI,0,62.14285714,93
3/15/2020,Rhode Island,RI,0,12.14285714,17
11/15/2020,South Carolina,SC,28586,190748,9819
11/8/2020,South Carolina,SC,27947,182097.1429,7665
11/1/2020,South Carolina,SC,27197,174627.2857,7345
10/25/2020,South Carolina,SC,26192,167501.7143,6688
10/18/2020,South Carolina,SC,25237,161044.2857,6584
10/11/2020,South Carolina,SC,24576,154756,5824
10/4/2020,South Carolina,SC,23778,148858.8571,5695
9/27/2020,South Carolina,SC,22942,142624,8179
9/20/2020,South Carolina,SC,22029,135283.4286,5844
9/13/2020,South Carolina,SC,20868,127886.8571,6912
9/6/2020,South Carolina,SC,19688,121943.2857,6628
8/30/2020,South Carolina,SC,18303,115179.1429,6336
8/23/2020,South Carolina,SC,16848,109431,5491
8/16/2020,South Carolina,SC,15210,103913.1429,6062
8/9/2020,South Carolina,SC,13477,96789.14286,8647
8/2/2020,South Carolina,SC,11593,87335.28571,10589
7/26/2020,South Carolina,SC,9345,76606.28571,11213
7/19/2020,South Carolina,SC,7419,64077.57143,13338
7/12/2020,South Carolina,SC,6303,51014,11801
7/5/2020,South Carolina,SC,5435,39775.42857,11527
6/28/2020,South Carolina,SC,4829,29261,8627
6/21/2020,South Carolina,SC,4383,21797.42857,5898
6/14/2020,South Carolina,SC,4080,16592.57143,4509
6/7/2020,South Carolina,SC,3673,13124.85714,2425
5/31/2020,South Carolina,SC,3286,10913,1765
5/24/2020,South Carolina,SC,2875,9408.285714,1280
5/17/2020,South Carolina,SC,2552,8189.428571,1163
5/10/2020,South Carolina,SC,2145,7083,1027
5/3/2020,South Carolina,SC,1596,6064.571429,1136
4/26/2020,South Carolina,SC,1024,4879.142857,1113
4/19/2020,South Carolina,SC,741,3819.714286,1058
4/12/2020,South Carolina,SC,459,2771.571429,1270
4/5/2020,South Carolina,SC,212,1482.142857,1275
3/29/2020,South Carolina,SC,64,463.5714286,579
3/22/2020,South Carolina,SC,9,87,176
3/15/2020,South Carolina,SC,0,11,17
11/15/2020,South Dakota,SD,4044,60706.71429,9977
11/8/2020,South Dakota,SD,3395,51380.71429,8080
11/1/2020,South Dakota,SD,2814,43335.14286,8121
10/25/2020,South Dakota,SD,2430,36271.42857,5934
10/18/2020,South Dakota,SD,2116,31025.14286,4705
10/11/2020,South Dakota,SD,1875,26502.42857,4146
10/4/2020,South Dakota,SD,1633,23026.57143,2877
9/27/2020,South Dakota,SD,1468,20145.28571,2845
9/20/2020,South Dakota,SD,1353,17712.42857,2058
9/13/2020,South Dakota,SD,1240,15900,1529
9/6/2020,South Dakota,SD,1188,14313.14286,1787
8/30/2020,South Dakota,SD,1145,12258.57143,2046
8/23/2020,South Dakota,SD,1099,10765,1002
8/16/2020,South Dakota,SD,1042,9929.142857,669
8/9/2020,South Dakota,SD,985,9284.714286,650
8/2/2020,South Dakota,SD,903,8692.571429,560
7/26/2020,South Dakota,SD,843,8154.571429,489
7/19/2020,South Dakota,SD,794,7714.142857,407
7/12/2020,South Dakota,SD,719,7314.285714,436
7/5/2020,South Dakota,SD,663,6895.428571,382
6/28/2020,South Dakota,SD,605,6488.428571,384
6/21/2020,South Dakota,SD,551,6104.714286,399
6/14/2020,South Dakota,SD,499,5676.571429,460
6/7/2020,South Dakota,SD,445,5227.428571,445
5/31/2020,South Dakota,SD,391,4794.428571,430
5/24/2020,South Dakota,SD,334,4275.142857,576
5/17/2020,South Dakota,SD,287,3804.857143,470
5/10/2020,South Dakota,SD,204,3018.142857,886
5/3/2020,South Dakota,SD,115,2446.285714,419
4/26/2020,South Dakota,SD,63,1950.428571,577
4/19/2020,South Dakota,SD,46,1274.714286,905
4/12/2020,South Dakota,SD,40,477.1428571,490
4/5/2020,South Dakota,SD,12,163.1428571,150
3/29/2020,South Dakota,SD,7,51.57142857,69
3/22/2020,South Dakota,SD,5,13.14285714,12
3/15/2020,South Dakota,SD,0,5.714285714,9
11/15/2020,Tennessee,TN,26453,297734.2857,29086
11/8/2020,Tennessee,TN,24546,272246.7143,20425
11/1/2020,Tennessee,TN,22921,256332.2857,13839
10/25/2020,Tennessee,TN,21162,238940.7143,18843
10/18/2020,Tennessee,TN,19946,222607.4286,14027
10/11/2020,Tennessee,TN,18822,209192.1429,13507
10/4/2020,Tennessee,TN,17416,197303.1429,8215
9/27/2020,Tennessee,TN,16182,188164.2857,9481
9/20/2020,Tennessee,TN,15169,178597.4286,11690
9/13/2020,Tennessee,TN,13851,168323,7698
9/6/2020,Tennessee,TN,12711,159389.1429,11011
8/30/2020,Tennessee,TN,11710,148966.1429,9178
8/23/2020,Tennessee,TN,10432,139194.4286,10229
8/16/2020,Tennessee,TN,9143,128520.8571,10996
8/9/2020,Tennessee,TN,8183,116514.8571,13085
8/2/2020,Tennessee,TN,7209,103285.1429,15691
7/26/2020,Tennessee,TN,6400,86701.71429,15821
7/19/2020,Tennessee,TN,5591,71561.85714,16155
7/12/2020,Tennessee,TN,4915,57394,10529
7/5/2020,Tennessee,TN,4341,46899.14286,11259
6/28/2020,Tennessee,TN,3941,38130.42857,5070
6/21/2020,Tennessee,TN,3547,33075.28571,4670
6/14/2020,Tennessee,TN,3148,28602.42857,4051
6/7/2020,Tennessee,TN,2780,25120.42857,3375
5/31/2020,Tennessee,TN,2478,21744.85714,2861
5/24/2020,Tennessee,TN,2208,19030,2757
5/17/2020,Tennessee,TN,1959,16624.28571,2403
5/10/2020,Tennessee,TN,1647,14212.71429,1808
5/3/2020,Tennessee,TN,1389,11257.14286,3510
4/26/2020,Tennessee,TN,1172,8331.714286,2597
4/19/2020,Tennessee,TN,944,6313.571429,1762
4/12/2020,Tennessee,TN,610,4602.857143,1675
4/5/2020,Tennessee,TN,216,2803.142857,2096
3/29/2020,Tennessee,TN,29,1019.428571,1032
3/22/2020,Tennessee,TN,0,211.5714286,466
3/15/2020,Tennessee,TN,0,18.85714286,36
11/15/2020,Texas,TX,134132,993762,64487
11/8/2020,Texas,TX,129096,933820.8571,51379
11/1/2020,Texas,TX,124663,886736.8571,42480
10/25/2020,Texas,TX,120931,845022.4286,38596
10/18/2020,Texas,TX,117610,810064.4286,31301
10/11/2020,Texas,TX,114223,781493.7143,26584
10/4/2020,Texas,TX,110583,752771.8571,30762
9/27/2020,Texas,TX,106678,722176.2857,46598
9/20/2020,Texas,TX,102076,677517.8571,29100
9/13/2020,Texas,TX,96920,649734.2857,21124
9/6/2020,Texas,TX,91289,625967.1429,27956
8/30/2020,Texas,TX,84042,596520,32817
8/23/2020,Texas,TX,75323,561607.5714,41955
8/16/2020,Texas,TX,64948,513835,49220
8/9/2020,Texas,TX,54475,466133.7143,55877
8/2/2020,Texas,TX,44297,411074,48829
7/26/2020,Texas,TX,31680,359177.7143,56626
7/19/2020,Texas,TX,25108,294960.5714,66372
7/12/2020,Texas,TX,20418,230183.2857,63419
7/5/2020,Texas,TX,17653,175371,46511
6/28/2020,Texas,TX,16040,131830.2857,37127
6/21/2020,Texas,TX,14666,100163,23747
6/14/2020,Texas,TX,13360,81679.14286,12876
6/7/2020,Texas,TX,12314,69969,10691
5/31/2020,Texas,TX,11150,59694.14286,8939
5/24/2020,Texas,TX,10067,52214.57143,7564
5/17/2020,Texas,TX,8520,43878.85714,8915
5/10/2020,Texas,TX,6852,35550.14286,7321
5/3/2020,Texas,TX,5397,28272.57143,6917
4/26/2020,Texas,TX,3980,21982.42857,5708
4/19/2020,Texas,TX,2720,16433,5439
4/12/2020,Texas,TX,1421,10405.28571,6672
4/5/2020,Texas,TX,525,4723,4260
3/29/2020,Texas,TX,131,1352.428571,2218
3/22/2020,Texas,TX,21,168.4285714,278
3/15/2020,Texas,TX,0,30.71428571,48
11/15/2020,Utah,UT,4827,143764.2857,21187
11/8/2020,Utah,UT,4457,124713.2857,16111
11/1/2020,Utah,UT,4157,110978.8571,11628
10/25/2020,Utah,UT,3924,99895.42857,10488
10/18/2020,Utah,UT,3720,90531.85714,8550
10/11/2020,Utah,UT,3499,82047.57143,8226
10/4/2020,Utah,UT,3256,74238.57143,7003
9/27/2020,Utah,UT,3121,67310,6843
9/20/2020,Utah,UT,3063,60891.71429,5897
9/13/2020,Utah,UT,3001,56268.71429,3215
9/6/2020,Utah,UT,2901,53347,2806
8/30/2020,Utah,UT,2812,50581.42857,2739
8/23/2020,Utah,UT,2644,47989.71429,2463
8/16/2020,Utah,UT,2484,45515,2525
8/9/2020,Utah,UT,2298,42847.42857,2952
8/2/2020,Utah,UT,2084,39746.71429,3202
7/26/2020,Utah,UT,1846,36253.28571,3856
7/19/2020,Utah,UT,1630,31895,4633
7/12/2020,Utah,UT,1424,27453.57143,4532
7/5/2020,Utah,UT,1235,23318.14286,3852
6/28/2020,Utah,UT,1148,19448.85714,3638
6/21/2020,Utah,UT,1057,15954.71429,3149
6/14/2020,Utah,UT,927,13266.85714,2247
6/7/2020,Utah,UT,822,10946.71429,2269
5/31/2020,Utah,UT,742,9051.714286,1405
5/24/2020,Utah,UT,637,7885,1154
5/17/2020,Utah,UT,526,6768.857143,987
5/10/2020,Utah,UT,419,5765.428571,1076
5/3/2020,Utah,UT,322,4675.285714,1052
4/26/2020,Utah,UT,250,3631.285714,1054
4/19/2020,Utah,UT,153,2686.428571,766
4/12/2020,Utah,UT,105,1978,698
4/5/2020,Utah,UT,46,1151.142857,886
3/29/2020,Utah,UT,10,443.5714286,538
3/22/2020,Utah,UT,1,94.28571429,153
3/15/2020,Utah,UT,0,7,27
11/15/2020,Virginia,VA,26322,197849,9785
11/8/2020,Virginia,VA,25782,187564.7143,9783
11/1/2020,Virginia,VA,25385,178263.1429,9021
10/25/2020,Virginia,VA,24677,170069.2857,7233
10/18/2020,Virginia,VA,23765,162918,7422
10/11/2020,Virginia,VA,23254,155462.1429,6846
10/4/2020,Virginia,VA,22588,149065.8571,5726
9/27/2020,Virginia,VA,21722,143602.1429,5633
9/20/2020,Virginia,VA,20340,137538.8571,6697
9/13/2020,Virginia,VA,18932,130598,6888
9/6/2020,Virginia,VA,18502,123693,7179
8/30/2020,Virginia,VA,17682,116475.5714,6781
8/23/2020,Virginia,VA,16964,110071.7143,6279
8/16/2020,Virginia,VA,16518,103701.7143,6601
8/9/2020,Virginia,VA,16000,96490,8304
8/2/2020,Virginia,VA,15050,88919.14286,7215
7/26/2020,Virginia,VA,14404,81416.57143,7137
7/19/2020,Virginia,VA,14009,74468.42857,6760
7/12/2020,Virginia,VA,13462,68226.85714,4922
7/5/2020,Virginia,VA,12652,63880.57143,4012
6/28/2020,Virginia,VA,11757,60067.42857,3742
6/21/2020,Virginia,VA,11111,56351.42857,3488
6/14/2020,Virginia,VA,10628,52771.28571,3825
6/7/2020,Virginia,VA,10057,47858.28571,6074
5/31/2020,Virginia,VA,9166,41352.85714,8363
5/24/2020,Virginia,VA,7694,33896.14286,5856
5/17/2020,Virginia,VA,6611,27738.85714,6307
5/10/2020,Virginia,VA,5357,21599,5410
5/3/2020,Virginia,VA,3881,15997.71429,5701
4/26/2020,Virginia,VA,2639,10973.42857,4433
4/19/2020,Virginia,VA,1472,7055.428571,3263
4/12/2020,Virginia,VA,693,4108.285714,2637
4/5/2020,Virginia,VA,276,1788,1747
3/29/2020,Virginia,VA,88,518.2857143,671
3/22/2020,Virginia,VA,12,110.5714286,174
3/15/2020,Virginia,VA,1,20.28571429,43
3/8/2020,Virginia,VA,0,0.285714286,2
11/15/2020,Vermont,VT,413,2648.285714,497
11/8/2020,Vermont,VT,408,2298.714286,196
11/1/2020,Vermont,VT,406,2141,123
10/25/2020,Vermont,VT,406,1998.857143,136
10/18/2020,Vermont,VT,406,1904.571429,69
10/11/2020,Vermont,VT,406,1839.142857,83
10/4/2020,Vermont,VT,406,1761.714286,43
9/27/2020,Vermont,VT,406,1728.285714,27
9/20/2020,Vermont,VT,406,1705.142857,31
9/13/2020,Vermont,VT,406,1664.428571,36
9/6/2020,Vermont,VT,406,1638.571429,32
8/30/2020,Vermont,VT,406,1587.285714,59
8/23/2020,Vermont,VT,406,1539.714286,42
8/16/2020,Vermont,VT,406,1488.714286,56
8/9/2020,Vermont,VT,403,1442.857143,33
8/2/2020,Vermont,VT,396,1411.571429,26
7/26/2020,Vermont,VT,392,1378.571429,50
7/19/2020,Vermont,VT,392,1324.428571,54
7/12/2020,Vermont,VT,392,1269.857143,47
7/5/2020,Vermont,VT,392,1225.142857,47
6/28/2020,Vermont,VT,392,1186,43
6/21/2020,Vermont,VT,389,1139.142857,32
6/14/2020,Vermont,VT,385,1105,64
6/7/2020,Vermont,VT,385,1017.571429,82
5/31/2020,Vermont,VT,382,972.4285714,25
5/24/2020,Vermont,VT,378,949.1428571,16
5/17/2020,Vermont,VT,372,932.7142857,14
5/10/2020,Vermont,VT,368,916.4285714,25
5/3/2020,Vermont,VT,343,878.7142857,46
4/26/2020,Vermont,VT,297,837.5714286,38
4/19/2020,Vermont,VT,233,790.5714286,63
4/12/2020,Vermont,VT,168,670.5714286,211
4/5/2020,Vermont,VT,117,411,287
3/29/2020,Vermont,VT,63,181.4285714,180
3/22/2020,Vermont,VT,6,36.71428571,64
3/15/2020,Vermont,VT,0,4.428571429,11
11/15/2020,Washington,WA,17408,121786.8571,11720
11/8/2020,Washington,WA,16869,111708.8571,8510
11/1/2020,Washington,WA,16398,104973.4286,4588
10/25/2020,Washington,WA,15946,100095.5714,4712
10/18/2020,Washington,WA,15543,95624.85714,5166
10/11/2020,Washington,WA,15205,91362,3616
10/4/2020,Washington,WA,14867,87688,3589
9/27/2020,Washington,WA,14538,83990,3631
9/20/2020,Washington,WA,14183,81145.14286,2373
9/13/2020,Washington,WA,13842,78465.57143,2990
9/6/2020,Washington,WA,13537,75471.14286,2516
8/30/2020,Washington,WA,13186,72507.42857,2661
8/23/2020,Washington,WA,12741,70787.14286,2930
8/16/2020,Washington,WA,12082,67469,3811
8/9/2020,Washington,WA,11452,63483.28571,4330
8/2/2020,Washington,WA,10842,59013.14286,4815
7/26/2020,Washington,WA,10304,53882,5557
7/19/2020,Washington,WA,9967,48289.85714,5541
7/12/2020,Washington,WA,9764,42747.71429,5519
7/5/2020,Washington,WA,9349,37734.57143,4600
6/28/2020,Washington,WA,9037,33062.42857,4043
6/21/2020,Washington,WA,8660,29398.85714,3029
6/14/2020,Washington,WA,8297,26673,2403
6/7/2020,Washington,WA,7946,24336.28571,2203
5/31/2020,Washington,WA,7639,22203.71429,1791
5/24/2020,Washington,WA,7220,20469.14286,1744
5/17/2020,Washington,WA,6788,18813.71429,1570
5/10/2020,Washington,WA,6124,17250.85714,1641
5/3/2020,Washington,WA,5569,15556.71429,1753
4/26/2020,Washington,WA,4632,13726.71429,1790
4/19/2020,Washington,WA,3988,11911.85714,1932
4/12/2020,Washington,WA,3217,9980.285714,2068
4/5/2020,Washington,WA,2191,7692.285714,2668
3/29/2020,Washington,WA,1281,4868,2770
3/22/2020,Washington,WA,662,2416.857143,1869
3/15/2020,Washington,WA,311,823.2857143,965
3/8/2020,Washington,WA,145,179,283
3/1/2020,Washington,WA,21,7.428571429,34
2/23/2020,Washington,WA,0,0,0
2/16/2020,Washington,WA,0,0,0
2/9/2020,Washington,WA,0,0,0
2/2/2020,Washington,WA,0,0,0
11/15/2020,Wisconsin,WI,18240,308952,48014
11/8/2020,Wisconsin,WI,15888,263744.7143,40487
11/1/2020,Wisconsin,WI,13896,226996.5714,32506
10/25/2020,Wisconsin,WI,12086,196215.1429,33690
10/18/2020,Wisconsin,WI,10878,169710.7143,16912
10/11/2020,Wisconsin,WI,10057,149656.1429,18387
10/4/2020,Wisconsin,WI,9432,132143.5714,17450
9/27/2020,Wisconsin,WI,8920,115125,15186
9/20/2020,Wisconsin,WI,8668,101064.5714,12613
9/13/2020,Wisconsin,WI,8384,90390.85714,8326
9/6/2020,Wisconsin,WI,8086,83365.14286,6053
8/30/2020,Wisconsin,WI,7796,77988.42857,5095
8/23/2020,Wisconsin,WI,7499,72979.71429,4959
8/16/2020,Wisconsin,WI,7184,67747,5411
8/9/2020,Wisconsin,WI,6891,62106.14286,5845
8/2/2020,Wisconsin,WI,6507,56056.28571,6310
7/26/2020,Wisconsin,WI,6158,49697.85714,6732
7/19/2020,Wisconsin,WI,5873,43168.85714,6071
7/12/2020,Wisconsin,WI,5721,37381.57143,5137
7/5/2020,Wisconsin,WI,5570,32872.42857,4033
6/28/2020,Wisconsin,WI,5338,29200.14286,3092
6/21/2020,Wisconsin,WI,5046,26566.14286,2275
6/14/2020,Wisconsin,WI,4732,24414.71429,2128
6/7/2020,Wisconsin,WI,4369,22070.42857,2648
5/31/2020,Wisconsin,WI,3868,19116.71429,3311
5/24/2020,Wisconsin,WI,3407,15804.42857,2996
5/17/2020,Wisconsin,WI,3033,12978.28571,2563
5/10/2020,Wisconsin,WI,2611,10634.71429,2467
5/3/2020,Wisconsin,WI,2205,8137.285714,2264
4/26/2020,Wisconsin,WI,1775,6097.285714,1787
4/19/2020,Wisconsin,WI,1339,4634.714286,1212
4/12/2020,Wisconsin,WI,788,3443.285714,1321
4/5/2020,Wisconsin,WI,246,2035.714286,1367
3/29/2020,Wisconsin,WI,64,834.7142857,851
3/22/2020,Wisconsin,WI,11,201.2857143,388
3/15/2020,Wisconsin,WI,0,14,36
11/15/2020,West Virginia,WV,3905,31044.14286,5255
11/8/2020,West Virginia,WV,3370,26656.42857,3521
11/1/2020,West Virginia,WV,3100,23541.71429,2977
10/25/2020,West Virginia,WV,2905,21087.57143,1825
10/18/2020,West Virginia,WV,2750,19171.14286,1953
10/11/2020,West Virginia,WV,2603,17412.85714,1500
10/4/2020,West Virginia,WV,2456,16068.42857,1280
9/27/2020,West Virginia,WV,2269,14746.28571,1294
9/20/2020,West Virginia,WV,2054,13433.28571,1355
9/13/2020,West Virginia,WV,1802,12065,1287
9/6/2020,West Virginia,WV,1635,10854.57143,1302
8/30/2020,West Virginia,WV,1382,9683,838
8/23/2020,West Virginia,WV,1180,8952.714286,708
8/16/2020,West Virginia,WV,1071,8154.714286,870
8/9/2020,West Virginia,WV,886,7307.142857,840
8/2/2020,West Virginia,WV,793,6458,894
7/26/2020,West Virginia,WV,714,5510.428571,918
7/19/2020,West Virginia,WV,689,4657,835
7/12/2020,West Virginia,WV,666,3814.285714,945
7/5/2020,West Virginia,WV,653,3041.285714,445
6/28/2020,West Virginia,WV,643,2673.428571,274
6/21/2020,West Virginia,WV,617,2413.857143,254
6/14/2020,West Virginia,WV,600,2214.714286,145
6/7/2020,West Virginia,WV,560,2087.857143,134
5/31/2020,West Virginia,WV,518,1905.142857,251
5/24/2020,West Virginia,WV,489,1604.285714,269
5/17/2020,West Virginia,WV,422,1421.428571,130
5/10/2020,West Virginia,WV,359,1283.428571,169
5/3/2020,West Virginia,WV,296,1121.571429,147
4/26/2020,West Virginia,WV,203,967.7142857,181
4/19/2020,West Virginia,WV,88,729.8571429,252
4/12/2020,West Virginia,WV,35,497.7142857,287
4/5/2020,West Virginia,WV,12,219.8571429,211
3/29/2020,West Virginia,WV,0,58.71428571,101
3/22/2020,West Virginia,WV,0,4.714285714,12
3/15/2020,West Virginia,WV,0,0,0
11/15/2020,Wyoming,WY,910,20403,5184
11/8/2020,Wyoming,WY,714,15650.14286,3587
11/1/2020,Wyoming,WY,579,12569.28571,2682
10/25/2020,Wyoming,WY,451,10170.71429,2016
10/18/2020,Wyoming,WY,396,8403.428571,1414
10/11/2020,Wyoming,WY,375,7113,1107
10/4/2020,Wyoming,WY,362,6098.428571,871
9/27/2020,Wyoming,WY,348,5278.857143,762
9/20/2020,Wyoming,WY,334,4635.142857,525
9/13/2020,Wyoming,WY,294,4198.857143,314
9/6/2020,Wyoming,WY,286,3940.714286,212
8/30/2020,Wyoming,WY,259,3715.714286,241
8/23/2020,Wyoming,WY,246,3462.571429,293
8/16/2020,Wyoming,WY,206,3145.142857,236
8/9/2020,Wyoming,WY,192,2953.714286,242
8/2/2020,Wyoming,WY,181,2675.142857,333
7/26/2020,Wyoming,WY,174,2340.857143,349
7/19/2020,Wyoming,WY,161,2024.142857,264
7/12/2020,Wyoming,WY,145,1770.142857,228
7/5/2020,Wyoming,WY,140,1546.142857,217
6/28/2020,Wyoming,WY,140,1324.142857,220
6/21/2020,Wyoming,WY,132,1139.285714,137
6/14/2020,Wyoming,WY,124,1008,113
6/7/2020,Wyoming,WY,119,925.2857143,44
5/31/2020,Wyoming,WY,100,874.4285714,65
5/24/2020,Wyoming,WY,76,797.7142857,84
5/17/2020,Wyoming,WY,50,706.2857143,92
5/10/2020,Wyoming,WY,49,632.1428571,76
5/3/2020,Wyoming,WY,49,555.7142857,84
4/26/2020,Wyoming,WY,42,462.1428571,76
4/19/2020,Wyoming,WY,12,401.4285714,62
4/12/2020,Wyoming,WY,0,299.4285714,167
4/5/2020,Wyoming,WY,0,147,111
3/29/2020,Wyoming,WY,0,55.71428571,62
3/22/2020,Wyoming,WY,0,16,21
3/15/2020,Wyoming,WY,0,1,3
